<?xml version="1.0" encoding="iso-8859-1"?><?xml-stylesheet type="text/xsl" href="file:\\\C:\Program Files (x86)\National Instruments\TestStand 2019\Components\Translators\ATMLTDTranslator\LogFile Xsl\ATMLLog.xsl"?>
<Log TDNamespace="urn:IEEE-1671.1:2017:TestDescription" CommonNameSpace="urn:IEEE-1671:2010:Common" HardwareCommonNamespace="urn:IEEE-1671:2010:HardwareCommon" STDBSCNamespace="urn:IEEE-1641:2010:STDBSC" STDTSFLibNamespace="urn:IEEE-1641:2010:STDTSFLib" STDTSFNamespace="urn:IEEE-1641:2010:STDTSF" schemaPath="C:\Program Files (x86)\National Instruments\TestStand 2019\Components\Translators\ATMLTDTranslator\Schemas\Test Description 3.0" TDFile="C:\OSA-RTS\Demo\CVI\ATMLDemo2(1.0.4)(sv2.02)(2017)\ATMLDemo2(1.0.4)(sv2.02)(2017).xml"  xmlns:xsi="http://www.w3.org/2001/XMLSchema-instance" >
	<StartTime>
<Year>2020</Year>
<Month>11</Month>
<Day>25</Day>
<DayOfWeek>3</DayOfWeek>
<Hour>20</Hour>
<Minute>45</Minute>
<Second>26</Second>
<MilliSecond>480</MilliSecond>

	</StartTime>
<LogEntry xsi:type="Validation" lineNo="1307" linePos="20" errorCode="0" >
	<Name>GAIN</Name>
	<Description>Error: The &apos;OnedBCompressionTest:GAIN&apos; element is not declared.</Description>
</LogEntry>
<LogEntry xsi:type="Validation" lineNo="1398" linePos="20" errorCode="0" >
	<Name>ONE_DB_COMPRESSION_POINT</Name>
	<Description>Error: The &apos;OnedBCompressionTest:ONE_DB_COMPRESSION_POINT&apos; element is not declared.</Description>
</LogEntry>
<LogEntry xsi:type="Validation" lineNo="1405" linePos="17" errorCode="0" >
	<Name>Signal</Name>
	<Description>Error: The key sequence &apos;ODCP1&apos; in &apos;urn:IEEE-1671.1:2017:TestDescription:signalNameKey2&apos; Keyref fails to refer to some key.</Description>
</LogEntry>
<LogEntry xsi:type="Validation" lineNo="1541" linePos="20" errorCode="0" >
	<Name>ODCP_COMPLETE</Name>
	<Description>Error: The &apos;OnedBCompressionTest:ODCP_COMPLETE&apos; element is not declared.</Description>
</LogEntry>
<LogEntry xsi:type="Validation" lineNo="1548" linePos="17" errorCode="0" >
	<Name>Signal</Name>
	<Description>Error: The key sequence &apos;O_C1&apos; in &apos;urn:IEEE-1671.1:2017:TestDescription:signalNameKey2&apos; Keyref fails to refer to some key.</Description>
</LogEntry>
<LogEntry xsi:type="Validation" lineNo="2246" linePos="22" errorCode="0" >
	<Name></Name>
	<Description>Error: Reference to undeclared ID is &apos;O_C1&apos;.</Description>
</LogEntry>
<LogEntry xsi:type="Validation" lineNo="2246" linePos="22" errorCode="0" >
	<Name></Name>
	<Description>Error: Reference to undeclared ID is &apos;ODCP1&apos;.</Description>
</LogEntry>
<LogEntry xsi:type="Validation" lineNo="2246" linePos="22" errorCode="0" >
	<Name></Name>
	<Description>Error: Reference to undeclared ID is &apos;G1&apos;.</Description>
</LogEntry>
<LogEntry xsi:type="Validation" lineNo="1307" linePos="20" errorCode="0" >
	<Name>GAIN</Name>
	<Description>Error: The &apos;OnedBCompressionTest:GAIN&apos; element is not declared.</Description>
</LogEntry>
<LogEntry xsi:type="Validation" lineNo="1398" linePos="20" errorCode="0" >
	<Name>ONE_DB_COMPRESSION_POINT</Name>
	<Description>Error: The &apos;OnedBCompressionTest:ONE_DB_COMPRESSION_POINT&apos; element is not declared.</Description>
</LogEntry>
<LogEntry xsi:type="Validation" lineNo="1405" linePos="17" errorCode="0" >
	<Name>Signal</Name>
	<Description>Error: The key sequence &apos;ODCP1&apos; in &apos;urn:IEEE-1671.1:2017:TestDescription:signalNameKey2&apos; Keyref fails to refer to some key.</Description>
</LogEntry>
<LogEntry xsi:type="Validation" lineNo="1541" linePos="20" errorCode="0" >
	<Name>ODCP_COMPLETE</Name>
	<Description>Error: The &apos;OnedBCompressionTest:ODCP_COMPLETE&apos; element is not declared.</Description>
</LogEntry>
<LogEntry xsi:type="Validation" lineNo="1548" linePos="17" errorCode="0" >
	<Name>Signal</Name>
	<Description>Error: The key sequence &apos;O_C1&apos; in &apos;urn:IEEE-1671.1:2017:TestDescription:signalNameKey2&apos; Keyref fails to refer to some key.</Description>
</LogEntry>
<LogEntry xsi:type="Validation" lineNo="2246" linePos="22" errorCode="0" >
	<Name></Name>
	<Description>Error: Reference to undeclared ID is &apos;O_C1&apos;.</Description>
</LogEntry>
<LogEntry xsi:type="Validation" lineNo="2246" linePos="22" errorCode="0" >
	<Name></Name>
	<Description>Error: Reference to undeclared ID is &apos;ODCP1&apos;.</Description>
</LogEntry>
<LogEntry xsi:type="Validation" lineNo="2246" linePos="22" errorCode="0" >
	<Name></Name>
	<Description>Error: Reference to undeclared ID is &apos;G1&apos;.</Description>
</LogEntry>
<LogEntry xsi:type="Translation" errorCode="-316032" logLevel="0" >
	<Name>Warning</Name>
	<Description>The TD file does not validate against the specified schema.</Description>
</LogEntry>
<LogEntry xsi:type="Validation" lineNo="1343" linePos="12" errorCode="-316425" >
	<Name>Outcome</Name>
	<Description>The value of &apos;Done&apos; should only be used if the containing test is of type &apos;SessionAction&apos;.</Description>
</LogEntry>
<LogEntry xsi:type="Translation" lineNo="2080" linePos="6" errorCode="0" logLevel="1" >
	<Name>Action</Name>
	<Description>Processing GlobalVariables</Description>
</LogEntry>
<LogEntry xsi:type="Translation" errorCode="0" logLevel="0" >
	<Name>Parameter</Name>
	<Description>Parameter with name &apos;UUT DC Power&apos; has characters not supported as TestStand variable name. These characters may be replaced by  valid characters for translation.</Description>
</LogEntry>
<LogEntry xsi:type="Translation" lineNo="7" linePos="4" errorCode="0" logLevel="1" >
	<Name>Action</Name>
	<Description>Processing UUT</Description>
</LogEntry>
<LogEntry xsi:type="Translation" lineNo="333" linePos="4" errorCode="0" logLevel="1" >
	<Name>Action</Name>
	<Description>Processing DetailedTestInformation</Description>
</LogEntry>
<LogEntry xsi:type="Translation" lineNo="407" linePos="12" errorCode="0" logLevel="2" >
	<Name>Action</Name>
	<Description>Processing Outcome</Description>
</LogEntry>
<LogEntry xsi:type="Translation" lineNo="410" linePos="10" errorCode="0" logLevel="2" >
	<Name>Action</Name>
	<Description>Processing TestResults</Description>
</LogEntry>
<LogEntry xsi:type="Translation" errorCode="0" logLevel="0" >
	<Name>Parameter</Name>
	<Description>Parameter with name &apos;V_CC Resistance&apos; has characters not supported as TestStand variable name. These characters may be replaced by  valid characters for translation.</Description>
</LogEntry>
<LogEntry xsi:type="Translation" errorCode="-316347" logLevel="0" >
	<Name>Action</Name>
	<Description>Adding the function named &apos;V_CC_to_GND_Resistance_Test&apos; in the file &apos;C:\OSA-RTS\Demo\CVI\ATMLDemo2(1.0.4)(sv2.02)(2017)\CodeModules_ATMLDemo2(1.0.4)(sv2.02)(2017)\CVISrcFile.c&apos; because function does not already exist.</Description>
</LogEntry>
<NextStep TSConstruct="CodeModule" group="" >
	<Description>The  element is inserted as a comment in V_CC_to_GND_Resistance_Test(). Please use the comment to implement the  element in the code module.</Description>
</NextStep><NextStep TSConstruct="CodeModule" group="" >
	<Description>The  element is inserted as a comment in V_CC_to_GND_Resistance_Test(). Please use the comment to implement the  element in the code module.</Description>
</NextStep><NextStep TSConstruct="CodeModule" group="" >
	<Description>The  element is inserted as a comment in V_CC_to_GND_Resistance_Test(). Please use the comment to implement the  element in the code module.</Description>
</NextStep><NextStep TSConstruct="CodeModule" group="" >
	<Description>The  element is inserted as a comment in V_CC_to_GND_Resistance_Test(). Please use the comment to implement the  element in the code module.</Description>
</NextStep><NextStep TSConstruct="CodeModule" group="" >
	<Description>The  element is inserted as a comment in V_CC_to_GND_Resistance_Test(). Please use the comment to implement the  element in the code module.</Description>
</NextStep><NextStep TSConstruct="CodeModule" group="" >
	<Description>The Variable element is inserted as a comment in V_CC_to_GND_Resistance_Test(). Please use the comment to implement the Variable element in the code module.</Description>
</NextStep><NextStep TSConstruct="CodeModule" group="" >
	<Description>The Operation  element with the ID &apos;op1&apos; is inserted as a comment in V_CC_to_GND_Resistance_Test() . Please use the comment to implement the Operation element in the code module.</Description>
</NextStep><NextStep TSConstruct="CodeModule" group="" >
	<Description>The Operation  element with the ID &apos;op2&apos; is inserted as a comment in V_CC_to_GND_Resistance_Test() . Please use the comment to implement the Operation element in the code module.</Description>
</NextStep><NextStep TSConstruct="CodeModule" group="" >
	<Description>The Operation  element with the ID &apos;op3&apos; is inserted as a comment in V_CC_to_GND_Resistance_Test() . Please use the comment to implement the Operation element in the code module.</Description>
</NextStep><NextStep TSConstruct="CodeModule" group="" >
	<Description>The Operation  element with the ID &apos;op4&apos; is inserted as a comment in V_CC_to_GND_Resistance_Test() . Please use the comment to implement the Operation element in the code module.</Description>
</NextStep><NextStep TSConstruct="CodeModule" group="" >
	<Description>The Operation  element with the ID &apos;op5&apos; is inserted as a comment in V_CC_to_GND_Resistance_Test() . Please use the comment to implement the Operation element in the code module.</Description>
</NextStep><LogEntry xsi:type="Translation" lineNo="362" linePos="10" errorCode="0" logLevel="2" >
	<Name>Action</Name>
	<Description>Processing Behavior</Description>
</LogEntry>
<LogEntry xsi:type="Translation" lineNo="459" linePos="12" errorCode="0" logLevel="2" >
	<Name>Action</Name>
	<Description>Processing Outcome</Description>
</LogEntry>
<LogEntry xsi:type="Translation" errorCode="-316347" logLevel="0" >
	<Name>Action</Name>
	<Description>Adding the function named &apos;Apply_UUT_DC_Power&apos; in the file &apos;C:\OSA-RTS\Demo\CVI\ATMLDemo2(1.0.4)(sv2.02)(2017)\CodeModules_ATMLDemo2(1.0.4)(sv2.02)(2017)\CVISrcFile.c&apos; because function does not already exist.</Description>
</LogEntry>
<NextStep TSConstruct="CodeModule" group="" >
	<Description>The  element is inserted as a comment in Apply_UUT_DC_Power(). Please use the comment to implement the  element in the code module.</Description>
</NextStep><NextStep TSConstruct="CodeModule" group="" >
	<Description>The  element is inserted as a comment in Apply_UUT_DC_Power(). Please use the comment to implement the  element in the code module.</Description>
</NextStep><NextStep TSConstruct="CodeModule" group="" >
	<Description>The Variable element is inserted as a comment in Apply_UUT_DC_Power(). Please use the comment to implement the Variable element in the code module.</Description>
</NextStep><NextStep TSConstruct="CodeModule" group="" >
	<Description>The Operation  element with the ID &apos;op1&apos; is inserted as a comment in Apply_UUT_DC_Power() . Please use the comment to implement the Operation element in the code module.</Description>
</NextStep><NextStep TSConstruct="CodeModule" group="" >
	<Description>The Operation  element with the ID &apos;op2&apos; is inserted as a comment in Apply_UUT_DC_Power() . Please use the comment to implement the Operation element in the code module.</Description>
</NextStep><LogEntry xsi:type="Translation" lineNo="434" linePos="10" errorCode="0" logLevel="2" >
	<Name>Action</Name>
	<Description>Processing Behavior</Description>
</LogEntry>
<LogEntry xsi:type="Translation" lineNo="463" linePos="10" errorCode="0" logLevel="2" >
	<Name>Action</Name>
	<Description>Processing Parameters</Description>
</LogEntry>
<LogEntry xsi:type="Translation" errorCode="0" logLevel="0" >
	<Name>Parameter</Name>
	<Description>Parameter with name &apos;V_I Amplitude&apos; has characters not supported as TestStand variable name. These characters may be replaced by  valid characters for translation.</Description>
</LogEntry>
<LogEntry xsi:type="Translation" errorCode="0" logLevel="0" >
	<Name>Parameter</Name>
	<Description>Parameter with name &apos;V_I Frequency&apos; has characters not supported as TestStand variable name. These characters may be replaced by  valid characters for translation.</Description>
</LogEntry>
<LogEntry xsi:type="Translation" lineNo="568" linePos="12" errorCode="0" logLevel="2" >
	<Name>Action</Name>
	<Description>Processing Outcome</Description>
</LogEntry>
<LogEntry xsi:type="Translation" lineNo="571" linePos="10" errorCode="0" logLevel="2" >
	<Name>Action</Name>
	<Description>Processing TestResults</Description>
</LogEntry>
<LogEntry xsi:type="Translation" errorCode="0" logLevel="0" >
	<Name>Parameter</Name>
	<Description>Parameter with name &apos;V_O AC Voltage&apos; has characters not supported as TestStand variable name. These characters may be replaced by  valid characters for translation.</Description>
</LogEntry>
<LogEntry xsi:type="Translation" errorCode="-316347" logLevel="0" >
	<Name>Action</Name>
	<Description>Adding the function named &apos;V_O_AC_Voltage_Test&apos; in the file &apos;C:\OSA-RTS\Demo\CVI\ATMLDemo2(1.0.4)(sv2.02)(2017)\CodeModules_ATMLDemo2(1.0.4)(sv2.02)(2017)\CVISrcFile.c&apos; because function does not already exist.</Description>
</LogEntry>
<NextStep TSConstruct="CodeModule" group="" >
	<Description>The  element is inserted as a comment in V_O_AC_Voltage_Test(). Please use the comment to implement the  element in the code module.</Description>
</NextStep><NextStep TSConstruct="CodeModule" group="" >
	<Description>The  element is inserted as a comment in V_O_AC_Voltage_Test(). Please use the comment to implement the  element in the code module.</Description>
</NextStep><NextStep TSConstruct="CodeModule" group="" >
	<Description>The  element is inserted as a comment in V_O_AC_Voltage_Test(). Please use the comment to implement the  element in the code module.</Description>
</NextStep><NextStep TSConstruct="CodeModule" group="" >
	<Description>The  element is inserted as a comment in V_O_AC_Voltage_Test(). Please use the comment to implement the  element in the code module.</Description>
</NextStep><NextStep TSConstruct="CodeModule" group="" >
	<Description>The  element is inserted as a comment in V_O_AC_Voltage_Test(). Please use the comment to implement the  element in the code module.</Description>
</NextStep><NextStep TSConstruct="CodeModule" group="" >
	<Description>The  element is inserted as a comment in V_O_AC_Voltage_Test(). Please use the comment to implement the  element in the code module.</Description>
</NextStep><NextStep TSConstruct="CodeModule" group="" >
	<Description>The  element is inserted as a comment in V_O_AC_Voltage_Test(). Please use the comment to implement the  element in the code module.</Description>
</NextStep><NextStep TSConstruct="CodeModule" group="" >
	<Description>The  element is inserted as a comment in V_O_AC_Voltage_Test(). Please use the comment to implement the  element in the code module.</Description>
</NextStep><NextStep TSConstruct="CodeModule" group="" >
	<Description>The  element is inserted as a comment in V_O_AC_Voltage_Test(). Please use the comment to implement the  element in the code module.</Description>
</NextStep><NextStep TSConstruct="CodeModule" group="" >
	<Description>The Variable element is inserted as a comment in V_O_AC_Voltage_Test(). Please use the comment to implement the Variable element in the code module.</Description>
</NextStep><NextStep TSConstruct="CodeModule" group="" >
	<Description>The Variable element is inserted as a comment in V_O_AC_Voltage_Test(). Please use the comment to implement the Variable element in the code module.</Description>
</NextStep><NextStep TSConstruct="CodeModule" group="" >
	<Description>The Operation  element with the ID &apos;op1&apos; is inserted as a comment in V_O_AC_Voltage_Test() . Please use the comment to implement the Operation element in the code module.</Description>
</NextStep><NextStep TSConstruct="CodeModule" group="" >
	<Description>The Operation  element with the ID &apos;op2&apos; is inserted as a comment in V_O_AC_Voltage_Test() . Please use the comment to implement the Operation element in the code module.</Description>
</NextStep><NextStep TSConstruct="CodeModule" group="" >
	<Description>The Operation  element with the ID &apos;op3&apos; is inserted as a comment in V_O_AC_Voltage_Test() . Please use the comment to implement the Operation element in the code module.</Description>
</NextStep><NextStep TSConstruct="CodeModule" group="" >
	<Description>The Operation  element with the ID &apos;op4&apos; is inserted as a comment in V_O_AC_Voltage_Test() . Please use the comment to implement the Operation element in the code module.</Description>
</NextStep><NextStep TSConstruct="CodeModule" group="" >
	<Description>The Operation  element with the ID &apos;op5&apos; is inserted as a comment in V_O_AC_Voltage_Test() . Please use the comment to implement the Operation element in the code module.</Description>
</NextStep><NextStep TSConstruct="CodeModule" group="" >
	<Description>The Operation  element with the ID &apos;op6&apos; is inserted as a comment in V_O_AC_Voltage_Test() . Please use the comment to implement the Operation element in the code module.</Description>
</NextStep><NextStep TSConstruct="CodeModule" group="" >
	<Description>The Operation  element with the ID &apos;op7&apos; is inserted as a comment in V_O_AC_Voltage_Test() . Please use the comment to implement the Operation element in the code module.</Description>
</NextStep><NextStep TSConstruct="CodeModule" group="" >
	<Description>The Operation  element with the ID &apos;op8&apos; is inserted as a comment in V_O_AC_Voltage_Test() . Please use the comment to implement the Operation element in the code module.</Description>
</NextStep><NextStep TSConstruct="CodeModule" group="" >
	<Description>The Operation  element with the ID &apos;op9&apos; is inserted as a comment in V_O_AC_Voltage_Test() . Please use the comment to implement the Operation element in the code module.</Description>
</NextStep><LogEntry xsi:type="Translation" lineNo="487" linePos="10" errorCode="0" logLevel="2" >
	<Name>Action</Name>
	<Description>Processing Behavior</Description>
</LogEntry>
<LogEntry xsi:type="Translation" lineNo="688" linePos="12" errorCode="0" logLevel="2" >
	<Name>Action</Name>
	<Description>Processing Outcome</Description>
</LogEntry>
<LogEntry xsi:type="Translation" lineNo="691" linePos="10" errorCode="0" logLevel="2" >
	<Name>Action</Name>
	<Description>Processing TestResults</Description>
</LogEntry>
<LogEntry xsi:type="Translation" errorCode="0" logLevel="0" >
	<Name>Parameter</Name>
	<Description>Parameter with name &apos;V_C AC Voltage&apos; has characters not supported as TestStand variable name. These characters may be replaced by  valid characters for translation.</Description>
</LogEntry>
<LogEntry xsi:type="Translation" errorCode="-316347" logLevel="0" >
	<Name>Action</Name>
	<Description>Adding the function named &apos;V_C_AC_Voltage_Test&apos; in the file &apos;C:\OSA-RTS\Demo\CVI\ATMLDemo2(1.0.4)(sv2.02)(2017)\CodeModules_ATMLDemo2(1.0.4)(sv2.02)(2017)\CVISrcFile.c&apos; because function does not already exist.</Description>
</LogEntry>
<NextStep TSConstruct="CodeModule" group="" >
	<Description>The  element is inserted as a comment in V_C_AC_Voltage_Test(). Please use the comment to implement the  element in the code module.</Description>
</NextStep><NextStep TSConstruct="CodeModule" group="" >
	<Description>The  element is inserted as a comment in V_C_AC_Voltage_Test(). Please use the comment to implement the  element in the code module.</Description>
</NextStep><NextStep TSConstruct="CodeModule" group="" >
	<Description>The  element is inserted as a comment in V_C_AC_Voltage_Test(). Please use the comment to implement the  element in the code module.</Description>
</NextStep><NextStep TSConstruct="CodeModule" group="" >
	<Description>The  element is inserted as a comment in V_C_AC_Voltage_Test(). Please use the comment to implement the  element in the code module.</Description>
</NextStep><NextStep TSConstruct="CodeModule" group="" >
	<Description>The  element is inserted as a comment in V_C_AC_Voltage_Test(). Please use the comment to implement the  element in the code module.</Description>
</NextStep><NextStep TSConstruct="CodeModule" group="" >
	<Description>The  element is inserted as a comment in V_C_AC_Voltage_Test(). Please use the comment to implement the  element in the code module.</Description>
</NextStep><NextStep TSConstruct="CodeModule" group="" >
	<Description>The  element is inserted as a comment in V_C_AC_Voltage_Test(). Please use the comment to implement the  element in the code module.</Description>
</NextStep><NextStep TSConstruct="CodeModule" group="" >
	<Description>The  element is inserted as a comment in V_C_AC_Voltage_Test(). Please use the comment to implement the  element in the code module.</Description>
</NextStep><NextStep TSConstruct="CodeModule" group="" >
	<Description>The  element is inserted as a comment in V_C_AC_Voltage_Test(). Please use the comment to implement the  element in the code module.</Description>
</NextStep><NextStep TSConstruct="CodeModule" group="" >
	<Description>The Variable element is inserted as a comment in V_C_AC_Voltage_Test(). Please use the comment to implement the Variable element in the code module.</Description>
</NextStep><NextStep TSConstruct="CodeModule" group="" >
	<Description>The Variable element is inserted as a comment in V_C_AC_Voltage_Test(). Please use the comment to implement the Variable element in the code module.</Description>
</NextStep><NextStep TSConstruct="CodeModule" group="" >
	<Description>The Operation  element with the ID &apos;op1&apos; is inserted as a comment in V_C_AC_Voltage_Test() . Please use the comment to implement the Operation element in the code module.</Description>
</NextStep><NextStep TSConstruct="CodeModule" group="" >
	<Description>The Operation  element with the ID &apos;op2&apos; is inserted as a comment in V_C_AC_Voltage_Test() . Please use the comment to implement the Operation element in the code module.</Description>
</NextStep><NextStep TSConstruct="CodeModule" group="" >
	<Description>The Operation  element with the ID &apos;op3&apos; is inserted as a comment in V_C_AC_Voltage_Test() . Please use the comment to implement the Operation element in the code module.</Description>
</NextStep><NextStep TSConstruct="CodeModule" group="" >
	<Description>The Operation  element with the ID &apos;op4&apos; is inserted as a comment in V_C_AC_Voltage_Test() . Please use the comment to implement the Operation element in the code module.</Description>
</NextStep><NextStep TSConstruct="CodeModule" group="" >
	<Description>The Operation  element with the ID &apos;op5&apos; is inserted as a comment in V_C_AC_Voltage_Test() . Please use the comment to implement the Operation element in the code module.</Description>
</NextStep><NextStep TSConstruct="CodeModule" group="" >
	<Description>The Operation  element with the ID &apos;op6&apos; is inserted as a comment in V_C_AC_Voltage_Test() . Please use the comment to implement the Operation element in the code module.</Description>
</NextStep><NextStep TSConstruct="CodeModule" group="" >
	<Description>The Operation  element with the ID &apos;op7&apos; is inserted as a comment in V_C_AC_Voltage_Test() . Please use the comment to implement the Operation element in the code module.</Description>
</NextStep><NextStep TSConstruct="CodeModule" group="" >
	<Description>The Operation  element with the ID &apos;op8&apos; is inserted as a comment in V_C_AC_Voltage_Test() . Please use the comment to implement the Operation element in the code module.</Description>
</NextStep><NextStep TSConstruct="CodeModule" group="" >
	<Description>The Operation  element with the ID &apos;op9&apos; is inserted as a comment in V_C_AC_Voltage_Test() . Please use the comment to implement the Operation element in the code module.</Description>
</NextStep><LogEntry xsi:type="Translation" lineNo="600" linePos="10" errorCode="0" logLevel="2" >
	<Name>Action</Name>
	<Description>Processing Behavior</Description>
</LogEntry>
<LogEntry xsi:type="Translation" lineNo="775" linePos="12" errorCode="0" logLevel="2" >
	<Name>Action</Name>
	<Description>Processing Outcome</Description>
</LogEntry>
<LogEntry xsi:type="Translation" lineNo="779" linePos="10" errorCode="0" logLevel="2" >
	<Name>Action</Name>
	<Description>Processing TestResults</Description>
</LogEntry>
<LogEntry xsi:type="Translation" errorCode="0" logLevel="0" >
	<Name>Parameter</Name>
	<Description>Parameter with name &apos;V_C DC Voltage&apos; has characters not supported as TestStand variable name. These characters may be replaced by  valid characters for translation.</Description>
</LogEntry>
<LogEntry xsi:type="Translation" errorCode="-316347" logLevel="0" >
	<Name>Action</Name>
	<Description>Adding the function named &apos;V_C_DC_Voltage_Test&apos; in the file &apos;C:\OSA-RTS\Demo\CVI\ATMLDemo2(1.0.4)(sv2.02)(2017)\CodeModules_ATMLDemo2(1.0.4)(sv2.02)(2017)\CVISrcFile.c&apos; because function does not already exist.</Description>
</LogEntry>
<NextStep TSConstruct="CodeModule" group="" >
	<Description>The  element is inserted as a comment in V_C_DC_Voltage_Test(). Please use the comment to implement the  element in the code module.</Description>
</NextStep><NextStep TSConstruct="CodeModule" group="" >
	<Description>The  element is inserted as a comment in V_C_DC_Voltage_Test(). Please use the comment to implement the  element in the code module.</Description>
</NextStep><NextStep TSConstruct="CodeModule" group="" >
	<Description>The  element is inserted as a comment in V_C_DC_Voltage_Test(). Please use the comment to implement the  element in the code module.</Description>
</NextStep><NextStep TSConstruct="CodeModule" group="" >
	<Description>The  element is inserted as a comment in V_C_DC_Voltage_Test(). Please use the comment to implement the  element in the code module.</Description>
</NextStep><NextStep TSConstruct="CodeModule" group="" >
	<Description>The  element is inserted as a comment in V_C_DC_Voltage_Test(). Please use the comment to implement the  element in the code module.</Description>
</NextStep><NextStep TSConstruct="CodeModule" group="" >
	<Description>The Variable element is inserted as a comment in V_C_DC_Voltage_Test(). Please use the comment to implement the Variable element in the code module.</Description>
</NextStep><NextStep TSConstruct="CodeModule" group="" >
	<Description>The Operation  element with the ID &apos;op1&apos; is inserted as a comment in V_C_DC_Voltage_Test() . Please use the comment to implement the Operation element in the code module.</Description>
</NextStep><NextStep TSConstruct="CodeModule" group="" >
	<Description>The Operation  element with the ID &apos;op2&apos; is inserted as a comment in V_C_DC_Voltage_Test() . Please use the comment to implement the Operation element in the code module.</Description>
</NextStep><NextStep TSConstruct="CodeModule" group="" >
	<Description>The Operation  element with the ID &apos;op3&apos; is inserted as a comment in V_C_DC_Voltage_Test() . Please use the comment to implement the Operation element in the code module.</Description>
</NextStep><NextStep TSConstruct="CodeModule" group="" >
	<Description>The Operation  element with the ID &apos;op4&apos; is inserted as a comment in V_C_DC_Voltage_Test() . Please use the comment to implement the Operation element in the code module.</Description>
</NextStep><NextStep TSConstruct="CodeModule" group="" >
	<Description>The Operation  element with the ID &apos;op5&apos; is inserted as a comment in V_C_DC_Voltage_Test() . Please use the comment to implement the Operation element in the code module.</Description>
</NextStep><LogEntry xsi:type="Translation" lineNo="715" linePos="10" errorCode="0" logLevel="2" >
	<Name>Action</Name>
	<Description>Processing Behavior</Description>
</LogEntry>
<LogEntry xsi:type="Translation" lineNo="868" linePos="12" errorCode="0" logLevel="2" >
	<Name>Action</Name>
	<Description>Processing Outcome</Description>
</LogEntry>
<LogEntry xsi:type="Translation" lineNo="872" linePos="10" errorCode="0" logLevel="2" >
	<Name>Action</Name>
	<Description>Processing TestResults</Description>
</LogEntry>
<LogEntry xsi:type="Translation" errorCode="0" logLevel="0" >
	<Name>Parameter</Name>
	<Description>Parameter with name &apos;V_E DC Voltage&apos; has characters not supported as TestStand variable name. These characters may be replaced by  valid characters for translation.</Description>
</LogEntry>
<LogEntry xsi:type="Translation" errorCode="-316347" logLevel="0" >
	<Name>Action</Name>
	<Description>Adding the function named &apos;V_E_DC_Voltage_Test&apos; in the file &apos;C:\OSA-RTS\Demo\CVI\ATMLDemo2(1.0.4)(sv2.02)(2017)\CodeModules_ATMLDemo2(1.0.4)(sv2.02)(2017)\CVISrcFile.c&apos; because function does not already exist.</Description>
</LogEntry>
<NextStep TSConstruct="CodeModule" group="" >
	<Description>The  element is inserted as a comment in V_E_DC_Voltage_Test(). Please use the comment to implement the  element in the code module.</Description>
</NextStep><NextStep TSConstruct="CodeModule" group="" >
	<Description>The  element is inserted as a comment in V_E_DC_Voltage_Test(). Please use the comment to implement the  element in the code module.</Description>
</NextStep><NextStep TSConstruct="CodeModule" group="" >
	<Description>The  element is inserted as a comment in V_E_DC_Voltage_Test(). Please use the comment to implement the  element in the code module.</Description>
</NextStep><NextStep TSConstruct="CodeModule" group="" >
	<Description>The  element is inserted as a comment in V_E_DC_Voltage_Test(). Please use the comment to implement the  element in the code module.</Description>
</NextStep><NextStep TSConstruct="CodeModule" group="" >
	<Description>The  element is inserted as a comment in V_E_DC_Voltage_Test(). Please use the comment to implement the  element in the code module.</Description>
</NextStep><NextStep TSConstruct="CodeModule" group="" >
	<Description>The Variable element is inserted as a comment in V_E_DC_Voltage_Test(). Please use the comment to implement the Variable element in the code module.</Description>
</NextStep><NextStep TSConstruct="CodeModule" group="" >
	<Description>The Operation  element with the ID &apos;op1&apos; is inserted as a comment in V_E_DC_Voltage_Test() . Please use the comment to implement the Operation element in the code module.</Description>
</NextStep><NextStep TSConstruct="CodeModule" group="" >
	<Description>The Operation  element with the ID &apos;op2&apos; is inserted as a comment in V_E_DC_Voltage_Test() . Please use the comment to implement the Operation element in the code module.</Description>
</NextStep><NextStep TSConstruct="CodeModule" group="" >
	<Description>The Operation  element with the ID &apos;op3&apos; is inserted as a comment in V_E_DC_Voltage_Test() . Please use the comment to implement the Operation element in the code module.</Description>
</NextStep><NextStep TSConstruct="CodeModule" group="" >
	<Description>The Operation  element with the ID &apos;op4&apos; is inserted as a comment in V_E_DC_Voltage_Test() . Please use the comment to implement the Operation element in the code module.</Description>
</NextStep><NextStep TSConstruct="CodeModule" group="" >
	<Description>The Operation  element with the ID &apos;op5&apos; is inserted as a comment in V_E_DC_Voltage_Test() . Please use the comment to implement the Operation element in the code module.</Description>
</NextStep><LogEntry xsi:type="Translation" lineNo="808" linePos="10" errorCode="0" logLevel="2" >
	<Name>Action</Name>
	<Description>Processing Behavior</Description>
</LogEntry>
<LogEntry xsi:type="Translation" lineNo="961" linePos="12" errorCode="0" logLevel="2" >
	<Name>Action</Name>
	<Description>Processing Outcome</Description>
</LogEntry>
<LogEntry xsi:type="Translation" lineNo="965" linePos="10" errorCode="0" logLevel="2" >
	<Name>Action</Name>
	<Description>Processing TestResults</Description>
</LogEntry>
<LogEntry xsi:type="Translation" errorCode="0" logLevel="0" >
	<Name>Parameter</Name>
	<Description>Parameter with name &apos;V_B DC Voltage&apos; has characters not supported as TestStand variable name. These characters may be replaced by  valid characters for translation.</Description>
</LogEntry>
<LogEntry xsi:type="Translation" errorCode="-316347" logLevel="0" >
	<Name>Action</Name>
	<Description>Adding the function named &apos;V_B_DC_Voltage_Test&apos; in the file &apos;C:\OSA-RTS\Demo\CVI\ATMLDemo2(1.0.4)(sv2.02)(2017)\CodeModules_ATMLDemo2(1.0.4)(sv2.02)(2017)\CVISrcFile.c&apos; because function does not already exist.</Description>
</LogEntry>
<NextStep TSConstruct="CodeModule" group="" >
	<Description>The  element is inserted as a comment in V_B_DC_Voltage_Test(). Please use the comment to implement the  element in the code module.</Description>
</NextStep><NextStep TSConstruct="CodeModule" group="" >
	<Description>The  element is inserted as a comment in V_B_DC_Voltage_Test(). Please use the comment to implement the  element in the code module.</Description>
</NextStep><NextStep TSConstruct="CodeModule" group="" >
	<Description>The  element is inserted as a comment in V_B_DC_Voltage_Test(). Please use the comment to implement the  element in the code module.</Description>
</NextStep><NextStep TSConstruct="CodeModule" group="" >
	<Description>The  element is inserted as a comment in V_B_DC_Voltage_Test(). Please use the comment to implement the  element in the code module.</Description>
</NextStep><NextStep TSConstruct="CodeModule" group="" >
	<Description>The  element is inserted as a comment in V_B_DC_Voltage_Test(). Please use the comment to implement the  element in the code module.</Description>
</NextStep><NextStep TSConstruct="CodeModule" group="" >
	<Description>The Variable element is inserted as a comment in V_B_DC_Voltage_Test(). Please use the comment to implement the Variable element in the code module.</Description>
</NextStep><NextStep TSConstruct="CodeModule" group="" >
	<Description>The Operation  element with the ID &apos;op1&apos; is inserted as a comment in V_B_DC_Voltage_Test() . Please use the comment to implement the Operation element in the code module.</Description>
</NextStep><NextStep TSConstruct="CodeModule" group="" >
	<Description>The Operation  element with the ID &apos;op2&apos; is inserted as a comment in V_B_DC_Voltage_Test() . Please use the comment to implement the Operation element in the code module.</Description>
</NextStep><NextStep TSConstruct="CodeModule" group="" >
	<Description>The Operation  element with the ID &apos;op3&apos; is inserted as a comment in V_B_DC_Voltage_Test() . Please use the comment to implement the Operation element in the code module.</Description>
</NextStep><NextStep TSConstruct="CodeModule" group="" >
	<Description>The Operation  element with the ID &apos;op4&apos; is inserted as a comment in V_B_DC_Voltage_Test() . Please use the comment to implement the Operation element in the code module.</Description>
</NextStep><NextStep TSConstruct="CodeModule" group="" >
	<Description>The Operation  element with the ID &apos;op5&apos; is inserted as a comment in V_B_DC_Voltage_Test() . Please use the comment to implement the Operation element in the code module.</Description>
</NextStep><LogEntry xsi:type="Translation" lineNo="901" linePos="10" errorCode="0" logLevel="2" >
	<Name>Action</Name>
	<Description>Processing Behavior</Description>
</LogEntry>
<LogEntry xsi:type="Translation" lineNo="991" linePos="12" errorCode="0" logLevel="2" >
	<Name>Action</Name>
	<Description>Processing Outcome</Description>
</LogEntry>
<LogEntry xsi:type="Translation" lineNo="1005" linePos="12" errorCode="0" logLevel="2" >
	<Name>Action</Name>
	<Description>Processing Outcome</Description>
</LogEntry>
<LogEntry xsi:type="Translation" lineNo="1015" linePos="10" errorCode="0" logLevel="2" >
	<Name>Action</Name>
	<Description>Processing Parameters</Description>
</LogEntry>
<LogEntry xsi:type="Translation" errorCode="0" logLevel="0" >
	<Name>Parameter</Name>
	<Description>Parameter with name &apos;V_I Amplitude&apos; has characters not supported as TestStand variable name. These characters may be replaced by  valid characters for translation.</Description>
</LogEntry>
<LogEntry xsi:type="Translation" errorCode="0" logLevel="0" >
	<Name>Parameter</Name>
	<Description>Parameter with name &apos;V_I Frequency&apos; has characters not supported as TestStand variable name. These characters may be replaced by  valid characters for translation.</Description>
</LogEntry>
<LogEntry xsi:type="Translation" lineNo="1130" linePos="12" errorCode="0" logLevel="2" >
	<Name>Action</Name>
	<Description>Processing Outcome</Description>
</LogEntry>
<LogEntry xsi:type="Translation" lineNo="1134" linePos="10" errorCode="0" logLevel="2" >
	<Name>Action</Name>
	<Description>Processing TestResults</Description>
</LogEntry>
<LogEntry xsi:type="Translation" errorCode="0" logLevel="0" >
	<Name>Parameter</Name>
	<Description>Parameter with name &apos;V_O AC Voltage&apos; has characters not supported as TestStand variable name. These characters may be replaced by  valid characters for translation.</Description>
</LogEntry>
<LogEntry xsi:type="Translation" errorCode="-316347" logLevel="0" >
	<Name>Action</Name>
	<Description>Adding the function named &apos;Gain_Control_Test&apos; in the file &apos;C:\OSA-RTS\Demo\CVI\ATMLDemo2(1.0.4)(sv2.02)(2017)\CodeModules_ATMLDemo2(1.0.4)(sv2.02)(2017)\CVISrcFile.c&apos; because function does not already exist.</Description>
</LogEntry>
<NextStep TSConstruct="CodeModule" group="" >
	<Description>The  element is inserted as a comment in Gain_Control_Test(). Please use the comment to implement the  element in the code module.</Description>
</NextStep><NextStep TSConstruct="CodeModule" group="" >
	<Description>The  element is inserted as a comment in Gain_Control_Test(). Please use the comment to implement the  element in the code module.</Description>
</NextStep><NextStep TSConstruct="CodeModule" group="" >
	<Description>The  element is inserted as a comment in Gain_Control_Test(). Please use the comment to implement the  element in the code module.</Description>
</NextStep><NextStep TSConstruct="CodeModule" group="" >
	<Description>The  element is inserted as a comment in Gain_Control_Test(). Please use the comment to implement the  element in the code module.</Description>
</NextStep><NextStep TSConstruct="CodeModule" group="" >
	<Description>The  element is inserted as a comment in Gain_Control_Test(). Please use the comment to implement the  element in the code module.</Description>
</NextStep><NextStep TSConstruct="CodeModule" group="" >
	<Description>The  element is inserted as a comment in Gain_Control_Test(). Please use the comment to implement the  element in the code module.</Description>
</NextStep><NextStep TSConstruct="CodeModule" group="" >
	<Description>The  element is inserted as a comment in Gain_Control_Test(). Please use the comment to implement the  element in the code module.</Description>
</NextStep><NextStep TSConstruct="CodeModule" group="" >
	<Description>The  element is inserted as a comment in Gain_Control_Test(). Please use the comment to implement the  element in the code module.</Description>
</NextStep><NextStep TSConstruct="CodeModule" group="" >
	<Description>The  element is inserted as a comment in Gain_Control_Test(). Please use the comment to implement the  element in the code module.</Description>
</NextStep><NextStep TSConstruct="CodeModule" group="" >
	<Description>The Variable element is inserted as a comment in Gain_Control_Test(). Please use the comment to implement the Variable element in the code module.</Description>
</NextStep><NextStep TSConstruct="CodeModule" group="" >
	<Description>The Variable element is inserted as a comment in Gain_Control_Test(). Please use the comment to implement the Variable element in the code module.</Description>
</NextStep><NextStep TSConstruct="CodeModule" group="" >
	<Description>The Operation  element with the ID &apos;op1&apos; is inserted as a comment in Gain_Control_Test() . Please use the comment to implement the Operation element in the code module.</Description>
</NextStep><NextStep TSConstruct="CodeModule" group="" >
	<Description>The Operation  element with the ID &apos;op2&apos; is inserted as a comment in Gain_Control_Test() . Please use the comment to implement the Operation element in the code module.</Description>
</NextStep><NextStep TSConstruct="CodeModule" group="" >
	<Description>The Operation  element with the ID &apos;op3&apos; is inserted as a comment in Gain_Control_Test() . Please use the comment to implement the Operation element in the code module.</Description>
</NextStep><NextStep TSConstruct="CodeModule" group="" >
	<Description>The Operation  element with the ID &apos;op4&apos; is inserted as a comment in Gain_Control_Test() . Please use the comment to implement the Operation element in the code module.</Description>
</NextStep><NextStep TSConstruct="CodeModule" group="" >
	<Description>The Operation  element with the ID &apos;op5&apos; is inserted as a comment in Gain_Control_Test() . Please use the comment to implement the Operation element in the code module.</Description>
</NextStep><NextStep TSConstruct="CodeModule" group="" >
	<Description>The Operation  element with the ID &apos;op6&apos; is inserted as a comment in Gain_Control_Test() . Please use the comment to implement the Operation element in the code module.</Description>
</NextStep><NextStep TSConstruct="CodeModule" group="" >
	<Description>The Operation  element with the ID &apos;op7&apos; is inserted as a comment in Gain_Control_Test() . Please use the comment to implement the Operation element in the code module.</Description>
</NextStep><NextStep TSConstruct="CodeModule" group="" >
	<Description>The Operation  element with the ID &apos;op8&apos; is inserted as a comment in Gain_Control_Test() . Please use the comment to implement the Operation element in the code module.</Description>
</NextStep><NextStep TSConstruct="CodeModule" group="" >
	<Description>The Operation  element with the ID &apos;op9&apos; is inserted as a comment in Gain_Control_Test() . Please use the comment to implement the Operation element in the code module.</Description>
</NextStep><LogEntry xsi:type="Translation" lineNo="1044" linePos="10" errorCode="0" logLevel="2" >
	<Name>Action</Name>
	<Description>Processing Behavior</Description>
</LogEntry>
<LogEntry xsi:type="Translation" lineNo="1156" linePos="10" errorCode="0" logLevel="2" >
	<Name>Action</Name>
	<Description>Processing Parameters</Description>
</LogEntry>
<LogEntry xsi:type="Translation" errorCode="0" logLevel="0" >
	<Name>Parameter</Name>
	<Description>Parameter with name &apos;V_I Amplitude&apos; has characters not supported as TestStand variable name. These characters may be replaced by  valid characters for translation.</Description>
</LogEntry>
<LogEntry xsi:type="Translation" errorCode="0" logLevel="0" >
	<Name>Parameter</Name>
	<Description>Parameter with name &apos;V_I Frequency&apos; has characters not supported as TestStand variable name. These characters may be replaced by  valid characters for translation.</Description>
</LogEntry>
<LogEntry xsi:type="Translation" lineNo="1273" linePos="12" errorCode="0" logLevel="2" >
	<Name>Action</Name>
	<Description>Processing Outcome</Description>
</LogEntry>
<LogEntry xsi:type="Translation" lineNo="1276" linePos="10" errorCode="0" logLevel="2" >
	<Name>Action</Name>
	<Description>Processing TestResults</Description>
</LogEntry>
<LogEntry xsi:type="Translation" errorCode="0" logLevel="0" >
	<Name>Parameter</Name>
	<Description>Parameter with name &apos;V_O AC Voltage&apos; has characters not supported as TestStand variable name. These characters may be replaced by  valid characters for translation.</Description>
</LogEntry>
<LogEntry xsi:type="Translation" errorCode="-316347" logLevel="0" >
	<Name>Action</Name>
	<Description>Adding the function named &apos;Output_Control_Test&apos; in the file &apos;C:\OSA-RTS\Demo\CVI\ATMLDemo2(1.0.4)(sv2.02)(2017)\CodeModules_ATMLDemo2(1.0.4)(sv2.02)(2017)\CVISrcFile.c&apos; because function does not already exist.</Description>
</LogEntry>
<NextStep TSConstruct="CodeModule" group="" >
	<Description>The  element is inserted as a comment in Output_Control_Test(). Please use the comment to implement the  element in the code module.</Description>
</NextStep><NextStep TSConstruct="CodeModule" group="" >
	<Description>The  element is inserted as a comment in Output_Control_Test(). Please use the comment to implement the  element in the code module.</Description>
</NextStep><NextStep TSConstruct="CodeModule" group="" >
	<Description>The  element is inserted as a comment in Output_Control_Test(). Please use the comment to implement the  element in the code module.</Description>
</NextStep><NextStep TSConstruct="CodeModule" group="" >
	<Description>The  element is inserted as a comment in Output_Control_Test(). Please use the comment to implement the  element in the code module.</Description>
</NextStep><NextStep TSConstruct="CodeModule" group="" >
	<Description>The  element is inserted as a comment in Output_Control_Test(). Please use the comment to implement the  element in the code module.</Description>
</NextStep><NextStep TSConstruct="CodeModule" group="" >
	<Description>The  element is inserted as a comment in Output_Control_Test(). Please use the comment to implement the  element in the code module.</Description>
</NextStep><NextStep TSConstruct="CodeModule" group="" >
	<Description>The  element is inserted as a comment in Output_Control_Test(). Please use the comment to implement the  element in the code module.</Description>
</NextStep><NextStep TSConstruct="CodeModule" group="" >
	<Description>The  element is inserted as a comment in Output_Control_Test(). Please use the comment to implement the  element in the code module.</Description>
</NextStep><NextStep TSConstruct="CodeModule" group="" >
	<Description>The  element is inserted as a comment in Output_Control_Test(). Please use the comment to implement the  element in the code module.</Description>
</NextStep><NextStep TSConstruct="CodeModule" group="" >
	<Description>The Variable element is inserted as a comment in Output_Control_Test(). Please use the comment to implement the Variable element in the code module.</Description>
</NextStep><NextStep TSConstruct="CodeModule" group="" >
	<Description>The Variable element is inserted as a comment in Output_Control_Test(). Please use the comment to implement the Variable element in the code module.</Description>
</NextStep><NextStep TSConstruct="CodeModule" group="" >
	<Description>The Operation  element with the ID &apos;op1&apos; is inserted as a comment in Output_Control_Test() . Please use the comment to implement the Operation element in the code module.</Description>
</NextStep><NextStep TSConstruct="CodeModule" group="" >
	<Description>The Operation  element with the ID &apos;op2&apos; is inserted as a comment in Output_Control_Test() . Please use the comment to implement the Operation element in the code module.</Description>
</NextStep><NextStep TSConstruct="CodeModule" group="" >
	<Description>The Operation  element with the ID &apos;op3&apos; is inserted as a comment in Output_Control_Test() . Please use the comment to implement the Operation element in the code module.</Description>
</NextStep><NextStep TSConstruct="CodeModule" group="" >
	<Description>The Operation  element with the ID &apos;op4&apos; is inserted as a comment in Output_Control_Test() . Please use the comment to implement the Operation element in the code module.</Description>
</NextStep><NextStep TSConstruct="CodeModule" group="" >
	<Description>The Operation  element with the ID &apos;op5&apos; is inserted as a comment in Output_Control_Test() . Please use the comment to implement the Operation element in the code module.</Description>
</NextStep><NextStep TSConstruct="CodeModule" group="" >
	<Description>The Operation  element with the ID &apos;op6&apos; is inserted as a comment in Output_Control_Test() . Please use the comment to implement the Operation element in the code module.</Description>
</NextStep><NextStep TSConstruct="CodeModule" group="" >
	<Description>The Operation  element with the ID &apos;op7&apos; is inserted as a comment in Output_Control_Test() . Please use the comment to implement the Operation element in the code module.</Description>
</NextStep><NextStep TSConstruct="CodeModule" group="" >
	<Description>The Operation  element with the ID &apos;op8&apos; is inserted as a comment in Output_Control_Test() . Please use the comment to implement the Operation element in the code module.</Description>
</NextStep><NextStep TSConstruct="CodeModule" group="" >
	<Description>The Operation  element with the ID &apos;op9&apos; is inserted as a comment in Output_Control_Test() . Please use the comment to implement the Operation element in the code module.</Description>
</NextStep><LogEntry xsi:type="Translation" lineNo="1187" linePos="10" errorCode="0" logLevel="2" >
	<Name>Action</Name>
	<Description>Processing Behavior</Description>
</LogEntry>
<LogEntry xsi:type="Translation" lineNo="1343" linePos="12" errorCode="0" logLevel="2" >
	<Name>Action</Name>
	<Description>Processing Outcome</Description>
</LogEntry>
<LogEntry xsi:type="Translation" lineNo="1345" linePos="10" errorCode="0" logLevel="2" >
	<Name>Action</Name>
	<Description>Processing TestResults</Description>
</LogEntry>
<LogEntry xsi:type="Translation" errorCode="-316347" logLevel="0" >
	<Name>Action</Name>
	<Description>Adding the function named &apos;CalculateGain&apos; in the file &apos;C:\OSA-RTS\Demo\CVI\ATMLDemo2(1.0.4)(sv2.02)(2017)\CodeModules_ATMLDemo2(1.0.4)(sv2.02)(2017)\CVISrcFile.c&apos; because function does not already exist.</Description>
</LogEntry>
<NextStep TSConstruct="CodeModule" group="" >
	<Description>The  element is inserted as a comment in CalculateGain(). Please use the comment to implement the  element in the code module.</Description>
</NextStep><NextStep TSConstruct="CodeModule" group="" >
	<Description>The  element is inserted as a comment in CalculateGain(). Please use the comment to implement the  element in the code module.</Description>
</NextStep><NextStep TSConstruct="CodeModule" group="" >
	<Description>The  element is inserted as a comment in CalculateGain(). Please use the comment to implement the  element in the code module.</Description>
</NextStep><NextStep TSConstruct="CodeModule" group="" >
	<Description>The  element is inserted as a comment in CalculateGain(). Please use the comment to implement the  element in the code module.</Description>
</NextStep><NextStep TSConstruct="CodeModule" group="" >
	<Description>The  element is inserted as a comment in CalculateGain(). Please use the comment to implement the  element in the code module.</Description>
</NextStep><NextStep TSConstruct="CodeModule" group="" >
	<Description>The Variable element is inserted as a comment in CalculateGain(). Please use the comment to implement the Variable element in the code module.</Description>
</NextStep><NextStep TSConstruct="CodeModule" group="" >
	<Description>The Operation  element with the ID &apos;op1&apos; is inserted as a comment in CalculateGain() . Please use the comment to implement the Operation element in the code module.</Description>
</NextStep><NextStep TSConstruct="CodeModule" group="" >
	<Description>The Operation  element with the ID &apos;op2&apos; is inserted as a comment in CalculateGain() . Please use the comment to implement the Operation element in the code module.</Description>
</NextStep><NextStep TSConstruct="CodeModule" group="" >
	<Description>The Operation  element with the ID &apos;op3&apos; is inserted as a comment in CalculateGain() . Please use the comment to implement the Operation element in the code module.</Description>
</NextStep><NextStep TSConstruct="CodeModule" group="" >
	<Description>The Operation  element with the ID &apos;op4&apos; is inserted as a comment in CalculateGain() . Please use the comment to implement the Operation element in the code module.</Description>
</NextStep><NextStep TSConstruct="CodeModule" group="" >
	<Description>The Operation  element with the ID &apos;op5&apos; is inserted as a comment in CalculateGain() . Please use the comment to implement the Operation element in the code module.</Description>
</NextStep><LogEntry xsi:type="Translation" lineNo="1300" linePos="10" errorCode="0" logLevel="2" >
	<Name>Action</Name>
	<Description>Processing Behavior</Description>
</LogEntry>
<LogEntry xsi:type="Translation" lineNo="1355" linePos="10" errorCode="0" logLevel="2" >
	<Name>Action</Name>
	<Description>Processing Parameters</Description>
</LogEntry>
<LogEntry xsi:type="Translation" errorCode="0" logLevel="0" >
	<Name>Parameter</Name>
	<Description>Parameter with name &apos;V_I Max Power&apos; has characters not supported as TestStand variable name. These characters may be replaced by  valid characters for translation.</Description>
</LogEntry>
<LogEntry xsi:type="Translation" errorCode="0" logLevel="0" >
	<Name>Parameter</Name>
	<Description>Parameter with name &apos;V_I Frequency&apos; has characters not supported as TestStand variable name. These characters may be replaced by  valid characters for translation.</Description>
</LogEntry>
<LogEntry xsi:type="Translation" lineNo="1499" linePos="12" errorCode="0" logLevel="2" >
	<Name>Action</Name>
	<Description>Processing Outcome</Description>
</LogEntry>
<LogEntry xsi:type="Translation" lineNo="1502" linePos="10" errorCode="0" logLevel="2" >
	<Name>Action</Name>
	<Description>Processing TestResults</Description>
</LogEntry>
<LogEntry xsi:type="Translation" errorCode="-316347" logLevel="0" >
	<Name>Action</Name>
	<Description>Adding the function named &apos;One_dB_CompressionPoint_Test_Repeat&apos; in the file &apos;C:\OSA-RTS\Demo\CVI\ATMLDemo2(1.0.4)(sv2.02)(2017)\CodeModules_ATMLDemo2(1.0.4)(sv2.02)(2017)\CVISrcFile.c&apos; because function does not already exist.</Description>
</LogEntry>
<NextStep TSConstruct="CodeModule" group="" >
	<Description>The  element is inserted as a comment in One_dB_CompressionPoint_Test_Repeat(). Please use the comment to implement the  element in the code module.</Description>
</NextStep><NextStep TSConstruct="CodeModule" group="" >
	<Description>The  element is inserted as a comment in One_dB_CompressionPoint_Test_Repeat(). Please use the comment to implement the  element in the code module.</Description>
</NextStep><NextStep TSConstruct="CodeModule" group="" >
	<Description>The  element is inserted as a comment in One_dB_CompressionPoint_Test_Repeat(). Please use the comment to implement the  element in the code module.</Description>
</NextStep><NextStep TSConstruct="CodeModule" group="" >
	<Description>The  element is inserted as a comment in One_dB_CompressionPoint_Test_Repeat(). Please use the comment to implement the  element in the code module.</Description>
</NextStep><NextStep TSConstruct="CodeModule" group="" >
	<Description>The  element is inserted as a comment in One_dB_CompressionPoint_Test_Repeat(). Please use the comment to implement the  element in the code module.</Description>
</NextStep><NextStep TSConstruct="CodeModule" group="" >
	<Description>The  element is inserted as a comment in One_dB_CompressionPoint_Test_Repeat(). Please use the comment to implement the  element in the code module.</Description>
</NextStep><NextStep TSConstruct="CodeModule" group="" >
	<Description>The  element is inserted as a comment in One_dB_CompressionPoint_Test_Repeat(). Please use the comment to implement the  element in the code module.</Description>
</NextStep><NextStep TSConstruct="CodeModule" group="" >
	<Description>The  element is inserted as a comment in One_dB_CompressionPoint_Test_Repeat(). Please use the comment to implement the  element in the code module.</Description>
</NextStep><NextStep TSConstruct="CodeModule" group="" >
	<Description>The  element is inserted as a comment in One_dB_CompressionPoint_Test_Repeat(). Please use the comment to implement the  element in the code module.</Description>
</NextStep><NextStep TSConstruct="CodeModule" group="" >
	<Description>The  element is inserted as a comment in One_dB_CompressionPoint_Test_Repeat(). Please use the comment to implement the  element in the code module.</Description>
</NextStep><NextStep TSConstruct="CodeModule" group="" >
	<Description>The Variable element is inserted as a comment in One_dB_CompressionPoint_Test_Repeat(). Please use the comment to implement the Variable element in the code module.</Description>
</NextStep><NextStep TSConstruct="CodeModule" group="" >
	<Description>The Variable element is inserted as a comment in One_dB_CompressionPoint_Test_Repeat(). Please use the comment to implement the Variable element in the code module.</Description>
</NextStep><NextStep TSConstruct="CodeModule" group="" >
	<Description>The Operation  element with the ID &apos;test12op0_1&apos; is inserted as a comment in One_dB_CompressionPoint_Test_Repeat() . Please use the comment to implement the Operation element in the code module.</Description>
</NextStep><NextStep TSConstruct="CodeModule" group="" >
	<Description>The Operation  element with the ID &apos;test12op0&apos; is inserted as a comment in One_dB_CompressionPoint_Test_Repeat() . Please use the comment to implement the Operation element in the code module.</Description>
</NextStep><NextStep TSConstruct="CodeModule" group="" >
	<Description>The Operation  element with the ID &apos;test12op2&apos; is inserted as a comment in One_dB_CompressionPoint_Test_Repeat() . Please use the comment to implement the Operation element in the code module.</Description>
</NextStep><NextStep TSConstruct="CodeModule" group="" >
	<Description>The Operation  element with the ID &apos;test12op3&apos; is inserted as a comment in One_dB_CompressionPoint_Test_Repeat() . Please use the comment to implement the Operation element in the code module.</Description>
</NextStep><NextStep TSConstruct="CodeModule" group="" >
	<Description>The Operation  element with the ID &apos;test12op4&apos; is inserted as a comment in One_dB_CompressionPoint_Test_Repeat() . Please use the comment to implement the Operation element in the code module.</Description>
</NextStep><NextStep TSConstruct="CodeModule" group="" >
	<Description>The Operation  element with the ID &apos;test12op3.body.op1&apos; is inserted as a comment in One_dB_CompressionPoint_Test_Repeat() . Please use the comment to implement the Operation element in the code module.</Description>
</NextStep><NextStep TSConstruct="CodeModule" group="" >
	<Description>The Operation  element with the ID &apos;test12op3.body.op1.onTrue.op1&apos; is inserted as a comment in One_dB_CompressionPoint_Test_Repeat() . Please use the comment to implement the Operation element in the code module.</Description>
</NextStep><NextStep TSConstruct="CodeModule" group="" >
	<Description>The Operation  element with the ID &apos;test12op3.body.op1.onTrue.op2&apos; is inserted as a comment in One_dB_CompressionPoint_Test_Repeat() . Please use the comment to implement the Operation element in the code module.</Description>
</NextStep><NextStep TSConstruct="CodeModule" group="" >
	<Description>The Operation  element with the ID &apos;test12op3.body.op1.onTrue.op2_2&apos; is inserted as a comment in One_dB_CompressionPoint_Test_Repeat() . Please use the comment to implement the Operation element in the code module.</Description>
</NextStep><NextStep TSConstruct="CodeModule" group="" >
	<Description>The Operation  element with the ID &apos;test12op3.body.op1.onFalse.op1&apos; is inserted as a comment in One_dB_CompressionPoint_Test_Repeat() . Please use the comment to implement the Operation element in the code module.</Description>
</NextStep><LogEntry xsi:type="Translation" lineNo="1386" linePos="10" errorCode="0" logLevel="2" >
	<Name>Action</Name>
	<Description>Processing Behavior</Description>
</LogEntry>
<LogEntry xsi:type="Translation" lineNo="1518" linePos="10" errorCode="0" logLevel="2" >
	<Name>Action</Name>
	<Description>Processing Parameters</Description>
</LogEntry>
<LogEntry xsi:type="Translation" lineNo="1567" linePos="12" errorCode="0" logLevel="2" >
	<Name>Action</Name>
	<Description>Processing Outcome</Description>
</LogEntry>
<LogEntry xsi:type="Translation" lineNo="1570" linePos="10" errorCode="0" logLevel="2" >
	<Name>Action</Name>
	<Description>Processing TestResults</Description>
</LogEntry>
<LogEntry xsi:type="Translation" errorCode="-316347" logLevel="0" >
	<Name>Action</Name>
	<Description>Adding the function named &apos;One_dB_CompressionPoint_Test_Generic&apos; in the file &apos;C:\OSA-RTS\Demo\CVI\ATMLDemo2(1.0.4)(sv2.02)(2017)\CodeModules_ATMLDemo2(1.0.4)(sv2.02)(2017)\CVISrcFile.c&apos; because function does not already exist.</Description>
</LogEntry>
<NextStep TSConstruct="CodeModule" group="" >
	<Description>The  element is inserted as a comment in One_dB_CompressionPoint_Test_Generic(). Please use the comment to implement the  element in the code module.</Description>
</NextStep><NextStep TSConstruct="CodeModule" group="" >
	<Description>The  element is inserted as a comment in One_dB_CompressionPoint_Test_Generic(). Please use the comment to implement the  element in the code module.</Description>
</NextStep><NextStep TSConstruct="CodeModule" group="" >
	<Description>The  element is inserted as a comment in One_dB_CompressionPoint_Test_Generic(). Please use the comment to implement the  element in the code module.</Description>
</NextStep><NextStep TSConstruct="CodeModule" group="" >
	<Description>The Variable element is inserted as a comment in One_dB_CompressionPoint_Test_Generic(). Please use the comment to implement the Variable element in the code module.</Description>
</NextStep><NextStep TSConstruct="CodeModule" group="" >
	<Description>The Operation  element with the ID &apos;op1&apos; is inserted as a comment in One_dB_CompressionPoint_Test_Generic() . Please use the comment to implement the Operation element in the code module.</Description>
</NextStep><NextStep TSConstruct="CodeModule" group="" >
	<Description>The Operation  element with the ID &apos;op2&apos; is inserted as a comment in One_dB_CompressionPoint_Test_Generic() . Please use the comment to implement the Operation element in the code module.</Description>
</NextStep><NextStep TSConstruct="CodeModule" group="" >
	<Description>The Operation  element with the ID &apos;op3&apos; is inserted as a comment in One_dB_CompressionPoint_Test_Generic() . Please use the comment to implement the Operation element in the code module.</Description>
</NextStep><LogEntry xsi:type="Translation" lineNo="1534" linePos="10" errorCode="0" logLevel="2" >
	<Name>Action</Name>
	<Description>Processing Behavior</Description>
</LogEntry>
<LogEntry xsi:type="Translation" lineNo="1595" linePos="12" errorCode="0" logLevel="2" >
	<Name>Action</Name>
	<Description>Processing Outcome</Description>
</LogEntry>
<LogEntry xsi:type="Translation" errorCode="-316347" logLevel="0" >
	<Name>Action</Name>
	<Description>Adding the function named &apos;Remove_UUT_DC_Power&apos; in the file &apos;C:\OSA-RTS\Demo\CVI\ATMLDemo2(1.0.4)(sv2.02)(2017)\CodeModules_ATMLDemo2(1.0.4)(sv2.02)(2017)\CVISrcFile.c&apos; because function does not already exist.</Description>
</LogEntry>
<NextStep TSConstruct="CodeModule" group="" >
	<Description>The  element is inserted as a comment in Remove_UUT_DC_Power(). Please use the comment to implement the  element in the code module.</Description>
</NextStep><NextStep TSConstruct="CodeModule" group="" >
	<Description>The  element is inserted as a comment in Remove_UUT_DC_Power(). Please use the comment to implement the  element in the code module.</Description>
</NextStep><NextStep TSConstruct="CodeModule" group="" >
	<Description>The Operation  element with the ID &apos;op1&apos; is inserted as a comment in Remove_UUT_DC_Power() . Please use the comment to implement the Operation element in the code module.</Description>
</NextStep><NextStep TSConstruct="CodeModule" group="" >
	<Description>The Operation  element with the ID &apos;op2&apos; is inserted as a comment in Remove_UUT_DC_Power() . Please use the comment to implement the Operation element in the code module.</Description>
</NextStep><LogEntry xsi:type="Translation" lineNo="1580" linePos="10" errorCode="0" logLevel="2" >
	<Name>Action</Name>
	<Description>Processing Behavior</Description>
</LogEntry>
<LogEntry xsi:type="Translation" lineNo="1600" linePos="8" errorCode="0" logLevel="1" >
	<Name>Action</Name>
	<Description>Processing TestGroup FaultDetectionAndIsolation</Description>
</LogEntry>
<NextStep TSConstruct="Sequence" group="FaultDetectionAndIsolation" >
	<Description>The TD file contains Outcome elements under the TestGroup element with the ID seq1. These elements are stored under Locals.Outcomes. Please use the TestStand API to access the stored information and specify the TestGroup outcome for the TestGroup element. </Description>
</NextStep><NextStep TSConstruct="Step" group="test1(ID#:Mz4ELl8v6xGcnABQVqAZTC)" parentGroup="FaultDetectionAndIsolation">
	<Description>The TD file contains a SequenceOutcome element under the Results of the Step element with the ID step1. The translator has configured the translated TestStand step to jump to the end of the sequence for an outcome with the ID . The Step/Results/Result element is stored under Step.Requirements.Results.Result. Please use the sequenceOutcomeID attribute stored in the Result variable to specify the outcome for the sequence. </Description>
</NextStep><NextStep TSConstruct="Step" group="test4(ID#:Nz4ELl8v6xGcnABQVqAZTC)" parentGroup="FaultDetectionAndIsolation">
	<Description>The TD file contains a SequenceOutcome element under the Results of the Step element with the ID step5. The translator has configured the translated TestStand step to jump to the end of the sequence for an outcome with the ID . The Step/Results/Result element is stored under Step.Requirements.Results.Result. Please use the sequenceOutcomeID attribute stored in the Result variable to specify the outcome for the sequence. </Description>
</NextStep><NextStep TSConstruct="Step" group="test4(ID#:Nz4ELl8v6xGcnABQVqAZTC)" parentGroup="FaultDetectionAndIsolation">
	<Description>The TD file contains a SequenceOutcome element under the Results of the Step element with the ID step5. The translator has configured the translated TestStand step to jump to the end of the sequence for an outcome with the ID . The Step/Results/Result element is stored under Step.Requirements.Results.Result. Please use the sequenceOutcomeID attribute stored in the Result variable to specify the outcome for the sequence. </Description>
</NextStep><NextStep TSConstruct="Step" group="test8(ID#:OD4ELl8v6xGcnABQVqAZTC)" parentGroup="FaultDetectionAndIsolation">
	<Description>The TD file contains a SequenceOutcome element under the Results of the Step element with the ID step6. The translator has configured the translated TestStand step to jump to the end of the sequence for an outcome with the ID . The Step/Results/Result element is stored under Step.Requirements.Results.Result. Please use the sequenceOutcomeID attribute stored in the Result variable to specify the outcome for the sequence. </Description>
</NextStep><NextStep TSConstruct="Step" group="test8(ID#:OD4ELl8v6xGcnABQVqAZTC)" parentGroup="FaultDetectionAndIsolation">
	<Description>The TD file contains a SequenceOutcome element under the Results of the Step element with the ID step6. The translator has configured the translated TestStand step to jump to the end of the sequence for an outcome with the ID . The Step/Results/Result element is stored under Step.Requirements.Results.Result. Please use the sequenceOutcomeID attribute stored in the Result variable to specify the outcome for the sequence. </Description>
</NextStep><NextStep TSConstruct="Step" group="test8(ID#:OD4ELl8v6xGcnABQVqAZTC)" parentGroup="FaultDetectionAndIsolation">
	<Description>The TD file contains a SequenceOutcome element under the Results of the Step element with the ID step6. The translator has configured the translated TestStand step to jump to the end of the sequence for an outcome with the ID . The Step/Results/Result element is stored under Step.Requirements.Results.Result. Please use the sequenceOutcomeID attribute stored in the Result variable to specify the outcome for the sequence. </Description>
</NextStep><NextStep TSConstruct="Step" group="test8(ID#:OD4ELl8v6xGcnABQVqAZTC)" parentGroup="FaultDetectionAndIsolation">
	<Description>The TD file contains a SequenceOutcome element under the Results of the Step element with the ID step6. The translator has configured the translated TestStand step to jump to the end of the sequence for an outcome with the ID . The Step/Results/Result element is stored under Step.Requirements.Results.Result. Please use the sequenceOutcomeID attribute stored in the Result variable to specify the outcome for the sequence. </Description>
</NextStep><NextStep TSConstruct="Step" group="test8(ID#:OD4ELl8v6xGcnABQVqAZTC)" parentGroup="FaultDetectionAndIsolation">
	<Description>The TD file contains a SequenceOutcome element under the Results of the Step element with the ID step6. The translator has configured the translated TestStand step to jump to the end of the sequence for an outcome with the ID . The Step/Results/Result element is stored under Step.Requirements.Results.Result. Please use the sequenceOutcomeID attribute stored in the Result variable to specify the outcome for the sequence. </Description>
</NextStep><NextStep TSConstruct="Step" group="test8(ID#:OD4ELl8v6xGcnABQVqAZTC)" parentGroup="FaultDetectionAndIsolation">
	<Description>The TD file contains a SequenceOutcome element under the Results of the Step element with the ID step6. The translator has configured the translated TestStand step to jump to the end of the sequence for an outcome with the ID . The Step/Results/Result element is stored under Step.Requirements.Results.Result. Please use the sequenceOutcomeID attribute stored in the Result variable to specify the outcome for the sequence. </Description>
</NextStep><NextStep TSConstruct="Step" group="test8(ID#:OD4ELl8v6xGcnABQVqAZTC)" parentGroup="FaultDetectionAndIsolation">
	<Description>The TD file contains a SequenceOutcome element under the Results of the Step element with the ID step6. The translator has configured the translated TestStand step to jump to the end of the sequence for an outcome with the ID . The Step/Results/Result element is stored under Step.Requirements.Results.Result. Please use the sequenceOutcomeID attribute stored in the Result variable to specify the outcome for the sequence. </Description>
</NextStep><NextStep TSConstruct="Step" group="test9(ID#:OT4ELl8v6xGcnABQVqAZTC)" parentGroup="FaultDetectionAndIsolation">
	<Description>The TD file contains a SequenceOutcome element under the Results of the Step element with the ID step7. The translator has configured the translated TestStand step to jump to the end of the sequence for an outcome with the ID . The Step/Results/Result element is stored under Step.Requirements.Results.Result. Please use the sequenceOutcomeID attribute stored in the Result variable to specify the outcome for the sequence. </Description>
</NextStep><NextStep TSConstruct="Step" group="test9(ID#:OT4ELl8v6xGcnABQVqAZTC)" parentGroup="FaultDetectionAndIsolation">
	<Description>The TD file contains a SequenceOutcome element under the Results of the Step element with the ID step7. The translator has configured the translated TestStand step to jump to the end of the sequence for an outcome with the ID . The Step/Results/Result element is stored under Step.Requirements.Results.Result. Please use the sequenceOutcomeID attribute stored in the Result variable to specify the outcome for the sequence. </Description>
</NextStep><NextStep TSConstruct="Step" group="test9(ID#:OT4ELl8v6xGcnABQVqAZTC)" parentGroup="FaultDetectionAndIsolation">
	<Description>The TD file contains a SequenceOutcome element under the Results of the Step element with the ID step7. The translator has configured the translated TestStand step to jump to the end of the sequence for an outcome with the ID . The Step/Results/Result element is stored under Step.Requirements.Results.Result. Please use the sequenceOutcomeID attribute stored in the Result variable to specify the outcome for the sequence. </Description>
</NextStep><NextStep TSConstruct="Step" group="test9(ID#:OT4ELl8v6xGcnABQVqAZTC)" parentGroup="FaultDetectionAndIsolation">
	<Description>The TD file contains a SequenceOutcome element under the Results of the Step element with the ID step7. The translator has configured the translated TestStand step to jump to the end of the sequence for an outcome with the ID . The Step/Results/Result element is stored under Step.Requirements.Results.Result. Please use the sequenceOutcomeID attribute stored in the Result variable to specify the outcome for the sequence. </Description>
</NextStep><NextStep TSConstruct="Step" group="test9(ID#:OT4ELl8v6xGcnABQVqAZTC)" parentGroup="FaultDetectionAndIsolation">
	<Description>The TD file contains a SequenceOutcome element under the Results of the Step element with the ID step7. The translator has configured the translated TestStand step to jump to the end of the sequence for an outcome with the ID . The Step/Results/Result element is stored under Step.Requirements.Results.Result. Please use the sequenceOutcomeID attribute stored in the Result variable to specify the outcome for the sequence. </Description>
</NextStep><NextStep TSConstruct="Step" group="test9(ID#:OT4ELl8v6xGcnABQVqAZTC)" parentGroup="FaultDetectionAndIsolation">
	<Description>The TD file contains a SequenceOutcome element under the Results of the Step element with the ID step7. The translator has configured the translated TestStand step to jump to the end of the sequence for an outcome with the ID . The Step/Results/Result element is stored under Step.Requirements.Results.Result. Please use the sequenceOutcomeID attribute stored in the Result variable to specify the outcome for the sequence. </Description>
</NextStep><NextStep TSConstruct="Step" group="test9(ID#:OT4ELl8v6xGcnABQVqAZTC)" parentGroup="FaultDetectionAndIsolation">
	<Description>The TD file contains a SequenceOutcome element under the Results of the Step element with the ID step7. The translator has configured the translated TestStand step to jump to the end of the sequence for an outcome with the ID . The Step/Results/Result element is stored under Step.Requirements.Results.Result. Please use the sequenceOutcomeID attribute stored in the Result variable to specify the outcome for the sequence. </Description>
</NextStep><NextStep TSConstruct="Step" group="test10(ID#:Oj4ELl8v6xGcnABQVqAZTC)" parentGroup="FaultDetectionAndIsolation">
	<Description>The TD file contains a SequenceOutcome element under the Results of the Step element with the ID step8. The translator has configured the translated TestStand step to jump to the end of the sequence for an outcome with the ID . The Step/Results/Result element is stored under Step.Requirements.Results.Result. Please use the sequenceOutcomeID attribute stored in the Result variable to specify the outcome for the sequence. </Description>
</NextStep><NextStep TSConstruct="Step" group="test10(ID#:Oj4ELl8v6xGcnABQVqAZTC)" parentGroup="FaultDetectionAndIsolation">
	<Description>The TD file contains a SequenceOutcome element under the Results of the Step element with the ID step8. The translator has configured the translated TestStand step to jump to the end of the sequence for an outcome with the ID . The Step/Results/Result element is stored under Step.Requirements.Results.Result. Please use the sequenceOutcomeID attribute stored in the Result variable to specify the outcome for the sequence. </Description>
</NextStep><NextStep TSConstruct="Step" group="test11(ID#:Oz4ELl8v6xGcnABQVqAZTC)" parentGroup="FaultDetectionAndIsolation">
	<Description>The TD file contains a SequenceOutcome element under the Results of the Step element with the ID step9. The translator has configured the translated TestStand step to jump to the end of the sequence for an outcome with the ID . The Step/Results/Result element is stored under Step.Requirements.Results.Result. Please use the sequenceOutcomeID attribute stored in the Result variable to specify the outcome for the sequence. </Description>
</NextStep><NextStep TSConstruct="Step" group="test12(ID#:PD4ELl8v6xGcnABQVqAZTC)" parentGroup="FaultDetectionAndIsolation">
	<Description>The TD file contains a SequenceOutcome element under the Results of the Step element with the ID step10. The translator has configured the translated TestStand step to jump to the end of the sequence for an outcome with the ID . The Step/Results/Result element is stored under Step.Requirements.Results.Result. Please use the sequenceOutcomeID attribute stored in the Result variable to specify the outcome for the sequence. </Description>
</NextStep><NextStep TSConstruct="Step" group="test12(ID#:PD4ELl8v6xGcnABQVqAZTC)" parentGroup="FaultDetectionAndIsolation">
	<Description>The TD file contains a SequenceOutcome element under the Results of the Step element with the ID step10. The translator has configured the translated TestStand step to jump to the end of the sequence for an outcome with the ID . The Step/Results/Result element is stored under Step.Requirements.Results.Result. Please use the sequenceOutcomeID attribute stored in the Result variable to specify the outcome for the sequence. </Description>
</NextStep><LogEntry xsi:type="Translation" lineNo="1887" linePos="12" errorCode="-316418" logLevel="2" >
	<Name>Action</Name>
	<Description>Adding a Goto step in the sequence named &apos;FaultDetectionAndIsolation&apos; for the EntryPoints element of the TestGroup element named FaultDetectionAndIsolation.</Description>
</LogEntry>
<LogEntry xsi:type="Translation" lineNo="1892" linePos="8" errorCode="0" logLevel="1" >
	<Name>Action</Name>
	<Description>Processing TestGroup VBE_Tests</Description>
</LogEntry>
<NextStep TSConstruct="Sequence" group="VBE_Tests" >
	<Description>The TD file contains Outcome elements under the TestGroup element with the ID seq2. These elements are stored under Locals.Outcomes. Please use the TestStand API to access the stored information and specify the TestGroup outcome for the TestGroup element. </Description>
</NextStep><NextStep TSConstruct="Step" group="test6(ID#:Pj4ELl8v6xGcnABQVqAZTC)" parentGroup="VBE_Tests">
	<Description>The TD file contains a SequenceOutcome element under the Results of the Step element with the ID seq2_step1. The translator has configured the translated TestStand step to jump to the end of the sequence for an outcome with the ID . The Step/Results/Result element is stored under Step.Requirements.Results.Result. Please use the sequenceOutcomeID attribute stored in the Result variable to specify the outcome for the sequence. </Description>
</NextStep><NextStep TSConstruct="Step" group="test7(ID#:Pz4ELl8v6xGcnABQVqAZTC)" parentGroup="VBE_Tests">
	<Description>The TD file contains a SequenceOutcome element under the Results of the Step element with the ID seq2_step2. The translator has configured the translated TestStand step to jump to the end of the sequence for an outcome with the ID . The Step/Results/Result element is stored under Step.Requirements.Results.Result. Please use the sequenceOutcomeID attribute stored in the Result variable to specify the outcome for the sequence. </Description>
</NextStep><NextStep TSConstruct="Step" group="test7(ID#:Pz4ELl8v6xGcnABQVqAZTC)" parentGroup="VBE_Tests">
	<Description>The TD file contains a SequenceOutcome element under the Results of the Step element with the ID seq2_step2. The translator has configured the translated TestStand step to jump to the end of the sequence for an outcome with the ID . The Step/Results/Result element is stored under Step.Requirements.Results.Result. Please use the sequenceOutcomeID attribute stored in the Result variable to specify the outcome for the sequence. </Description>
</NextStep><NextStep TSConstruct="Step" group="test7(ID#:Pz4ELl8v6xGcnABQVqAZTC)" parentGroup="VBE_Tests">
	<Description>The TD file contains a SequenceOutcome element under the Results of the Step element with the ID seq2_step2. The translator has configured the translated TestStand step to jump to the end of the sequence for an outcome with the ID . The Step/Results/Result element is stored under Step.Requirements.Results.Result. Please use the sequenceOutcomeID attribute stored in the Result variable to specify the outcome for the sequence. </Description>
</NextStep><NextStep TSConstruct="Step" group="test7(ID#:QD4ELl8v6xGcnABQVqAZTC)" parentGroup="VBE_Tests">
	<Description>The TD file contains a SequenceOutcome element under the Results of the Step element with the ID seq2_step3. The translator has configured the translated TestStand step to jump to the end of the sequence for an outcome with the ID . The Step/Results/Result element is stored under Step.Requirements.Results.Result. Please use the sequenceOutcomeID attribute stored in the Result variable to specify the outcome for the sequence. </Description>
</NextStep><NextStep TSConstruct="Step" group="test7(ID#:QD4ELl8v6xGcnABQVqAZTC)" parentGroup="VBE_Tests">
	<Description>The TD file contains a SequenceOutcome element under the Results of the Step element with the ID seq2_step3. The translator has configured the translated TestStand step to jump to the end of the sequence for an outcome with the ID . The Step/Results/Result element is stored under Step.Requirements.Results.Result. Please use the sequenceOutcomeID attribute stored in the Result variable to specify the outcome for the sequence. </Description>
</NextStep><NextStep TSConstruct="Step" group="test7(ID#:QD4ELl8v6xGcnABQVqAZTC)" parentGroup="VBE_Tests">
	<Description>The TD file contains a SequenceOutcome element under the Results of the Step element with the ID seq2_step3. The translator has configured the translated TestStand step to jump to the end of the sequence for an outcome with the ID . The Step/Results/Result element is stored under Step.Requirements.Results.Result. Please use the sequenceOutcomeID attribute stored in the Result variable to specify the outcome for the sequence. </Description>
</NextStep><LogEntry xsi:type="Translation" lineNo="1956" linePos="12" errorCode="-316418" logLevel="2" >
	<Name>Action</Name>
	<Description>Adding a Goto step in the sequence named &apos;VBE_Tests&apos; for the EntryPoints element of the TestGroup element named VBE_Tests.</Description>
</LogEntry>
<LogEntry xsi:type="Translation" lineNo="1961" linePos="8" errorCode="0" logLevel="1" >
	<Name>Action</Name>
	<Description>Processing TestGroup Comp_repeat_1dB</Description>
</LogEntry>
<NextStep TSConstruct="Sequence" group="Comp_repeat_1dB" >
	<Description>The TD file contains Outcome elements under the TestGroup element with the ID seq_odbc_repeat. These elements are stored under Locals.Outcomes. Please use the TestStand API to access the stored information and specify the TestGroup outcome for the TestGroup element. </Description>
</NextStep><NextStep TSConstruct="Step" group="sa1(ID#:RT4ELl8v6xGcnABQVqAZTC)" parentGroup="Comp_repeat_1dB">
	<Description>The TD file contains a SequenceOutcome element under the Results of the Step element with the ID seq_odbc_repeats4. The translator has configured the translated TestStand step to jump to the end of the sequence for an outcome with the ID . The Step/Results/Result element is stored under Step.Requirements.Results.Result. Please use the sequenceOutcomeID attribute stored in the Result variable to specify the outcome for the sequence. </Description>
</NextStep><LogEntry xsi:type="Translation" lineNo="2015" linePos="12" errorCode="-316418" logLevel="2" >
	<Name>Action</Name>
	<Description>Adding a Goto step in the sequence named &apos;Comp_repeat_1dB&apos; for the EntryPoints element of the TestGroup element named Comp_repeat_1dB.</Description>
</LogEntry>
<LogEntry xsi:type="Translation" lineNo="2020" linePos="8" errorCode="0" logLevel="1" >
	<Name>Action</Name>
	<Description>Processing TestGroup Comp_generic_1dB</Description>
</LogEntry>
<NextStep TSConstruct="Sequence" group="Comp_generic_1dB" >
	<Description>The TD file contains Outcome elements under the TestGroup element with the ID seq_odbc_generic. These elements are stored under Locals.Outcomes. Please use the TestStand API to access the stored information and specify the TestGroup outcome for the TestGroup element. </Description>
</NextStep><NextStep TSConstruct="Step" group="sa1(ID#:Sj4ELl8v6xGcnABQVqAZTC)" parentGroup="Comp_generic_1dB">
	<Description>The TD file contains a SequenceOutcome element under the Results of the Step element with the ID seq_odbc_generics4. The translator has configured the translated TestStand step to jump to the end of the sequence for an outcome with the ID . The Step/Results/Result element is stored under Step.Requirements.Results.Result. Please use the sequenceOutcomeID attribute stored in the Result variable to specify the outcome for the sequence. </Description>
</NextStep><LogEntry xsi:type="Translation" lineNo="2074" linePos="12" errorCode="-316418" logLevel="2" >
	<Name>Action</Name>
	<Description>Adding a Goto step in the sequence named &apos;Comp_generic_1dB&apos; for the EntryPoints element of the TestGroup element named Comp_generic_1dB.</Description>
</LogEntry>
<LogEntry xsi:type="Translation" errorCode="-316353" logLevel="0" >
	<Name>Warning</Name>
	<Description>Inserted a Sequence Call step that calls the sequence named FaultDetectionAndIsolation in the Main step group of the sequence named MainSequence.</Description>
</LogEntry>
<NextStep TSConstruct="Misc" group="" >
	<Description>The TD file contains both TestGroupEntryPoints and ActionEntryPoints elements under /TestDescription/DetailedTestInformation/EntryPoints. The translator processes the TestGroupEntryPoints element while translating the EntryPoints element   but does not process the ActionEntryPoints element while translating the EntryPoints element. The EntryPoints element and its child elements are stored in FileGlobals.EntryPoints. Please use the information in the EntryPoints variable to implement the ActionEntryPoints element in the MainSequence  .</Description>
</NextStep>	<EndTime>
<Year>2020</Year>
<Month>11</Month>
<Day>25</Day>
<DayOfWeek>3</DayOfWeek>
<Hour>20</Hour>
<Minute>45</Minute>
<Second>49</Second>
<MilliSecond>186</MilliSecond>

	</EndTime>
	<Status>Successful</Status>
</Log>