<?xml version="1.0" encoding="iso-8859-1" ?><?xml-stylesheet type="text/xsl" href="C:\Program Files (x86)\National Instruments\TestStand 2019\Components\Models\TestStandModels\ATML\StyleSheets\tr5_horizontal.xsl"?>

<trc:TestResultsCollection xmlns:trc="urn:IEEE-1636.1:2011:01:TestResultsCollection" xmlns:tr="urn:IEEE-1636.1:2011:01:TestResults" xmlns:c="urn:IEEE-1671:2010:Common" xmlns:xsi="http://www.w3.org/2001/XMLSchema-instance" xmlns:ts="www.ni.com/TestStand/ATMLTestResults/2.0">
<trc:TestResults uuid="22dfc1f3-2fd9-11eb-9c9d-005056a0194e" xmlns:trc="urn:IEEE-1636.1:2011:01:TestResultsCollection" xmlns:tr="urn:IEEE-1636.1:2011:01:TestResults" xmlns:c="urn:IEEE-1671:2010:Common" xmlns:xsi="http://www.w3.org/2001/XMLSchema-instance" xmlns:ts="www.ni.com/TestStand/ATMLTestResults/2.0">
	<tr:Personnel>
		<tr:SystemOperator ID = "administrator" name = "administrator"/>
	</tr:Personnel>
	<tr:ResultSet ID="44" name = "C:\OSA-RTS\Demo\CVI\ATMLDemo2(1.0.4)(sv2.02)(2017)\ATMLDemo2(1.0.4)(sv2.02)(2017).seq#MainSequence" startDateTime = "2020-11-26T11:18:41.319" endDateTime = "2020-11-26T11:18:42.075">
		<tr:Extension>
			<ts:TSStepProperties>
				<ts:StepType>SequenceCall</ts:StepType>
				<ts:StepGroup>Main</ts:StepGroup>
				<ts:BlockLevel value='0'/>
				<ts:Index value='8'/>
				<ts:TotalTime value='0.756648'/>
				<ts:ModuleTime value='0.756395'/>
			</ts:TSStepProperties>
		</tr:Extension>
		<tr:Outcome value="Passed" />
		<tr:TestGroup name="C:\OSA-RTS\Demo\CVI\ATMLDemo2(1.0.4)(sv2.02)(2017)\ATMLDemo2(1.0.4)(sv2.02)(2017).seq#FaultDetectionAndIsolation" ID="45" callerName='SequenceCall' testReferenceID="ID#:TD4ELl8v6xGcnABQVqAZTC" startDateTime = "2020-11-26T11:18:41.364"  endDateTime = "2020-11-26T11:18:42.066" >
			<tr:Extension>
				<ts:TSStepProperties>
					<ts:StepType>SequenceCall</ts:StepType>
					<ts:StepGroup>Main</ts:StepGroup>
					<ts:BlockLevel value='0'/>
					<ts:Index value='0'/>
					<ts:TotalTime value='0.701628'/>
					<ts:ModuleTime value='0.701545'/>
				</ts:TSStepProperties>
			</tr:Extension>
			<tr:Outcome value="Passed" />
			<tr:SessionAction ID = "46" name = "TestGroupSequenceEntryPoint" startDateTime = "2020-11-26T11:18:41.403"  endDateTime = "2020-11-26T11:18:41.403"  testReferenceID="ID#:PT4ELl8v6xGcnABQVqAZTC">
				<tr:Extension>
					<ts:TSStepProperties>
						<ts:StepType>Goto</ts:StepType>
						<ts:StepGroup>Main</ts:StepGroup>
						<ts:BlockLevel value='0'/>
						<ts:Index value='0'/>
						<ts:TotalTime value='0.0001213'/>
					</ts:TSStepProperties>
				</tr:Extension>
				<tr:ActionOutcome value = "Done" />
			</tr:SessionAction>
			<tr:Test ID = "47" name = "test1" startDateTime = "2020-11-26T11:18:41.412"  endDateTime = "2020-11-26T11:18:41.478"  testReferenceID="ID#:Mz4ELl8v6xGcnABQVqAZTC">
				<tr:Data>
					<c:Collection>
						<c:Item name = "Numeric.Limits.Units.Attributes">
							<c:Collection>
								<c:Item name = "NI">
								<c:Collection xsi:type="ts:TS_Collection" flags = "0x0000">
								<c:Item name = "ATML">
								<c:Collection xsi:type="ts:TS_Collection" flags = "0x0000">
								<c:Item name = "TDTranslator">
								<c:Collection xsi:type="ts:TS_Collection" flags = "0x0000">
								<c:Item name = "UnitAttributes">
									<c:Datum xsi:type="ts:TS_string" flags = "0x0000">
										<c:Value><![CDATA[<standardUnit>kOhm</standardUnit>]]></c:Value>
									</c:Datum>
								</c:Item>
								</c:Collection>
								</c:Item>
								</c:Collection>
								</c:Item>
								</c:Collection>
								</c:Item>
							</c:Collection>
						</c:Item>
					</c:Collection>
				</tr:Data>
				<tr:Extension>
					<ts:TSStepProperties>
						<ts:StepType>NumericLimitTest</ts:StepType>
						<ts:StepGroup>Main</ts:StepGroup>
						<ts:BlockLevel value='0'/>
						<ts:Index value='1'/>
						<ts:TotalTime value='0.065866'/>
						<ts:ModuleTime value='0.0656814'/>
					</ts:TSStepProperties>
				</tr:Extension>
				<tr:Outcome value = "Passed" />
				<tr:TestResult ID = "tr-22dfc1e7-2fd9-11eb-9c9d-005056a0194e" name = "Numeric">
					<tr:TestData>
						<c:Datum value = "13.2" xsi:type="ts:TS_double" nonStandardUnit="kOhm" flags = "0x2400"/>
					</tr:TestData>
					<tr:TestLimits>
						<tr:Limits>
							<c:SingleLimit comparator = "GE">
								<c:Datum nonStandardUnit = "kOhm" value = "12.500000" xsi:type="ts:TS_double" flags = "0x0000"/>
							</c:SingleLimit>
						</tr:Limits>
					</tr:TestLimits>
				</tr:TestResult>
			</tr:Test>
			<tr:SessionAction ID = "48" name = "sa2" startDateTime = "2020-11-26T11:18:41.480"  endDateTime = "2020-11-26T11:18:41.505"  testReferenceID="ID#:ND4ELl8v6xGcnABQVqAZTC">
				<tr:Extension>
					<ts:TSStepProperties>
						<ts:StepType>Action</ts:StepType>
						<ts:StepGroup>Main</ts:StepGroup>
						<ts:BlockLevel value='0'/>
						<ts:Index value='2'/>
						<ts:TotalTime value='0.0255883'/>
						<ts:ModuleTime value='0.0255035'/>
					</ts:TSStepProperties>
				</tr:Extension>
				<tr:ActionOutcome value = "Done" />
			</tr:SessionAction>
			<tr:Test ID = "49" name = "test3" startDateTime = "2020-11-26T11:18:41.506"  endDateTime = "2020-11-26T11:18:41.679"  testReferenceID="ID#:NT4ELl8v6xGcnABQVqAZTC">
				<tr:Parameters>
				<tr:Parameter ID = 'p-22dfc1e9-2fd9-11eb-9c9d-005056a0194e' name = 'Parameter_V_I_Amplitude'>
					<tr:Data>
						<c:Datum value = "100" xsi:type="ts:TS_double" flags = "0x2000"/>
					</tr:Data>
				</tr:Parameter>
				<tr:Parameter ID = 'p-22dfc1ea-2fd9-11eb-9c9d-005056a0194e' name = 'Parameter_V_I_Frequency'>
					<tr:Data>
						<c:Datum value = "1" xsi:type="ts:TS_double" flags = "0x2000"/>
					</tr:Data>
				</tr:Parameter>
				</tr:Parameters>
				<tr:Data>
					<c:Collection>
						<c:Item name = "Numeric.Limits.Units.Attributes">
							<c:Collection>
								<c:Item name = "NI">
								<c:Collection xsi:type="ts:TS_Collection" flags = "0x0000">
								<c:Item name = "ATML">
								<c:Collection xsi:type="ts:TS_Collection" flags = "0x0000">
								<c:Item name = "TDTranslator">
								<c:Collection xsi:type="ts:TS_Collection" flags = "0x0000">
								<c:Item name = "UnitAttributes">
									<c:Datum xsi:type="ts:TS_string" flags = "0x0000">
										<c:Value><![CDATA[<standardUnit>mV</standardUnit><unitQualifier>pk_pk</unitQualifier>]]></c:Value>
									</c:Datum>
								</c:Item>
								</c:Collection>
								</c:Item>
								</c:Collection>
								</c:Item>
								</c:Collection>
								</c:Item>
							</c:Collection>
						</c:Item>
					</c:Collection>
				</tr:Data>
				<tr:Extension>
					<ts:TSStepProperties>
						<ts:StepType>NumericLimitTest</ts:StepType>
						<ts:StepGroup>Main</ts:StepGroup>
						<ts:BlockLevel value='0'/>
						<ts:Index value='3'/>
						<ts:TotalTime value='0.173077'/>
						<ts:ModuleTime value='0.172897'/>
					</ts:TSStepProperties>
				</tr:Extension>
				<tr:Outcome value = "Passed" />
				<tr:TestResult ID = "tr-22dfc1e8-2fd9-11eb-9c9d-005056a0194e" name = "Numeric">
					<tr:TestData>
						<c:Datum value = "1000" xsi:type="ts:TS_double" nonStandardUnit="mV pk_pk" flags = "0x2400"/>
					</tr:TestData>
					<tr:TestLimits>
						<tr:Limits>
							<c:SingleLimit comparator = "GE">
								<c:Datum nonStandardUnit = "mV pk_pk" value = "900.000000" xsi:type="ts:TS_double" flags = "0x0000"/>
							</c:SingleLimit>
						</tr:Limits>
					</tr:TestLimits>
				</tr:TestResult>
			</tr:Test>
			<tr:Test ID = "50" name = "test10" startDateTime = "2020-11-26T11:18:41.680"  endDateTime = "2020-11-26T11:18:41.908"  testReferenceID="ID#:Oj4ELl8v6xGcnABQVqAZTC">
				<tr:Parameters>
				<tr:Parameter ID = 'p-22dfc1ec-2fd9-11eb-9c9d-005056a0194e' name = 'Parameter_V_I_Amplitude'>
					<tr:Data>
						<c:Datum value = "100" xsi:type="ts:TS_double" flags = "0x2000"/>
					</tr:Data>
				</tr:Parameter>
				<tr:Parameter ID = 'p-22dfc1ed-2fd9-11eb-9c9d-005056a0194e' name = 'Parameter_V_I_Frequency'>
					<tr:Data>
						<c:Datum value = "1" xsi:type="ts:TS_double" flags = "0x2000"/>
					</tr:Data>
				</tr:Parameter>
				<tr:Parameter ID = 'p-22dfc1ee-2fd9-11eb-9c9d-005056a0194e' name = 'Parameter_DigitalControl'>
					<tr:Data>
						<c:Datum value = "128" xsi:type="ts:TS_double" flags = "0x2000"/>
					</tr:Data>
				</tr:Parameter>
				</tr:Parameters>
				<tr:Data>
					<c:Collection>
						<c:Item name = "Numeric.Limits.Units.Attributes">
							<c:Collection>
								<c:Item name = "NI">
								<c:Collection xsi:type="ts:TS_Collection" flags = "0x0000">
								<c:Item name = "ATML">
								<c:Collection xsi:type="ts:TS_Collection" flags = "0x0000">
								<c:Item name = "TDTranslator">
								<c:Collection xsi:type="ts:TS_Collection" flags = "0x0000">
								<c:Item name = "UnitAttributes">
									<c:Datum xsi:type="ts:TS_string" flags = "0x0000">
										<c:Value><![CDATA[<standardUnit>mV</standardUnit><unitQualifier>pk_pk</unitQualifier><standardUnit>mV</standardUnit><unitQualifier>pk_pk</unitQualifier>]]></c:Value>
									</c:Datum>
								</c:Item>
								</c:Collection>
								</c:Item>
								</c:Collection>
								</c:Item>
								</c:Collection>
								</c:Item>
							</c:Collection>
						</c:Item>
					</c:Collection>
				</tr:Data>
				<tr:Extension>
					<ts:TSStepProperties>
						<ts:StepType>NumericLimitTest</ts:StepType>
						<ts:StepGroup>Main</ts:StepGroup>
						<ts:BlockLevel value='0'/>
						<ts:Index value='8'/>
						<ts:TotalTime value='0.227526'/>
						<ts:ModuleTime value='0.227292'/>
					</ts:TSStepProperties>
				</tr:Extension>
				<tr:Outcome value = "Passed" />
				<tr:TestResult ID = "tr-22dfc1eb-2fd9-11eb-9c9d-005056a0194e" name = "Numeric">
					<tr:TestData>
						<c:Datum value = "500" xsi:type="ts:TS_double" nonStandardUnit="mV pk_pk" flags = "0x2400"/>
					</tr:TestData>
					<tr:TestLimits>
						<tr:Limits>
							<c:LimitPair operator = "AND">
								<c:Limit comparator = "GE">
									<c:Datum nonStandardUnit = "mV pk_pk" value = "400.000000" xsi:type="ts:TS_double" flags = "0x0000"/>
								</c:Limit>
								<c:Limit comparator = "LE">
									<c:Datum nonStandardUnit = "mV pk_pk" value = "600.000000" xsi:type="ts:TS_double" flags = "0x0000"/>
								</c:Limit>
							</c:LimitPair>
							<c:Extension>
								<ts:TSLimitProperties>
									<ts:RawLimits>
										<ts:Low value = "400" xsi:type="c:double" />
										<ts:High value = "600" xsi:type="c:double" />
									</ts:RawLimits>
								</ts:TSLimitProperties>
							</c:Extension>
						</tr:Limits>
					</tr:TestLimits>
				</tr:TestResult>
			</tr:Test>
			<tr:Test ID = "51" name = "test11" startDateTime = "2020-11-26T11:18:41.910"  endDateTime = "2020-11-26T11:18:42.050"  testReferenceID="ID#:Oz4ELl8v6xGcnABQVqAZTC">
				<tr:Parameters>
				<tr:Parameter ID = 'p-22dfc1f0-2fd9-11eb-9c9d-005056a0194e' name = 'Parameter_V_I_Amplitude'>
					<tr:Data>
						<c:Datum value = "100" xsi:type="ts:TS_double" flags = "0x2000"/>
					</tr:Data>
				</tr:Parameter>
				<tr:Parameter ID = 'p-22dfc1f1-2fd9-11eb-9c9d-005056a0194e' name = 'Parameter_V_I_Frequency'>
					<tr:Data>
						<c:Datum value = "1" xsi:type="ts:TS_double" flags = "0x2000"/>
					</tr:Data>
				</tr:Parameter>
				<tr:Parameter ID = 'p-22dfc1f2-2fd9-11eb-9c9d-005056a0194e' name = 'Parameter_SerialCommand'>
					<tr:Data>
						<c:Datum xsi:type="ts:TS_string" flags = "0x2000">
							<c:Value>R0</c:Value>
						</c:Datum>
					</tr:Data>
				</tr:Parameter>
				</tr:Parameters>
				<tr:Data>
					<c:Collection>
						<c:Item name = "Numeric.Limits.Units.Attributes">
							<c:Collection>
								<c:Item name = "NI">
								<c:Collection xsi:type="ts:TS_Collection" flags = "0x0000">
								<c:Item name = "ATML">
								<c:Collection xsi:type="ts:TS_Collection" flags = "0x0000">
								<c:Item name = "TDTranslator">
								<c:Collection xsi:type="ts:TS_Collection" flags = "0x0000">
								<c:Item name = "UnitAttributes">
									<c:Datum xsi:type="ts:TS_string" flags = "0x0000">
										<c:Value><![CDATA[<standardUnit>mV</standardUnit><unitQualifier>pk_pk</unitQualifier>]]></c:Value>
									</c:Datum>
								</c:Item>
								</c:Collection>
								</c:Item>
								</c:Collection>
								</c:Item>
								</c:Collection>
								</c:Item>
							</c:Collection>
						</c:Item>
					</c:Collection>
				</tr:Data>
				<tr:Extension>
					<ts:TSStepProperties>
						<ts:StepType>NumericLimitTest</ts:StepType>
						<ts:StepGroup>Main</ts:StepGroup>
						<ts:BlockLevel value='0'/>
						<ts:Index value='9'/>
						<ts:TotalTime value='0.139744'/>
						<ts:ModuleTime value='0.139548'/>
					</ts:TSStepProperties>
				</tr:Extension>
				<tr:Outcome value = "Passed" />
				<tr:TestResult ID = "tr-22dfc1ef-2fd9-11eb-9c9d-005056a0194e" name = "Numeric">
					<tr:TestData>
						<c:Datum value = "50" xsi:type="ts:TS_double" nonStandardUnit="mV pk_pk" flags = "0x2400"/>
					</tr:TestData>
					<tr:TestLimits>
						<tr:Limits>
							<c:SingleLimit comparator = "LE">
								<c:Datum nonStandardUnit = "mV pk_pk" value = "50.000000" xsi:type="ts:TS_double" flags = "0x0000"/>
							</c:SingleLimit>
						</tr:Limits>
					</tr:TestLimits>
				</tr:TestResult>
			</tr:Test>
			<tr:Test ID = "52" name = "test12" startDateTime = "2020-11-26T11:18:42.051"  endDateTime = "2020-11-26T11:18:42.051"  testReferenceID="ID#:PD4ELl8v6xGcnABQVqAZTC">
				<tr:Extension>
					<ts:TSStepProperties>
						<ts:StepType>PassFailTest</ts:StepType>
						<ts:StepGroup>Main</ts:StepGroup>
						<ts:BlockLevel value='0'/>
						<ts:Index value='10'/>
						<ts:TotalTime value='1.14e-05'/>
					</ts:TSStepProperties>
				</tr:Extension>
				<tr:Outcome value = "UserDefined" qualifier= "Skipped" />
			</tr:Test>
			<tr:SessionAction ID = "53" name = "Remove_UUT_DC_Power" startDateTime = "2020-11-26T11:18:42.058"  endDateTime = "2020-11-26T11:18:42.060"  testReferenceID="ID#:Mj4ELl8v6xGcnABQVqAZTC">
				<tr:Extension>
					<ts:TSStepProperties>
						<ts:StepType>Action</ts:StepType>
						<ts:StepGroup>Cleanup</ts:StepGroup>
						<ts:BlockLevel value='0'/>
						<ts:Index value='0'/>
						<ts:TotalTime value='0.0026876'/>
						<ts:ModuleTime value='0.0026508'/>
					</ts:TSStepProperties>
				</tr:Extension>
				<tr:ActionOutcome value = "Done" />
			</tr:SessionAction>
		</tr:TestGroup>
	</tr:ResultSet>
	<tr:TestDescription>
		<c:DescriptionDocumentReference uuid = '{F9ED240A-ABA1-447e-BBBA-1A4EF0D434B1}' />
	</tr:TestDescription>
	<tr:TestProgram>
		<c:SerialNumber>
			STL_WINDOWS10
		</c:SerialNumber>
		<tr:Configuration>
			<c:Collection xsi:type="ts:TS_Collection" flags = "0x0000">
				<c:Item name = "IncludeTSExtensionElements">
					<c:Datum value = "true" xsi:type="ts:TS_boolean" flags = "0x0000"/>
				</c:Item>
				<c:Item name = "IncludeAttributes">
					<c:Datum value = "false" xsi:type="ts:TS_boolean" flags = "0x0000"/>
				</c:Item>
				<c:Item name = "IncludeLimits">
					<c:Datum value = "true" xsi:type="ts:TS_boolean" flags = "0x0000"/>
				</c:Item>
				<c:Item name = "IncludeMeasurements">
					<c:Datum value = "true" xsi:type="ts:TS_boolean" flags = "0x0000"/>
				</c:Item>
				<c:Item name = "IncludeArrayMeasurement">
					<c:Datum value = "2" xsi:type="ts:TS_double" flags = "0x0000"/>
				</c:Item>
				<c:Item name = "ArrayMeasurementFilter">
					<c:Datum value = "3" xsi:type="ts:TS_double" flags = "0x0000"/>
				</c:Item>
				<c:Item name = "ArrayMeasurementMax">
					<c:Datum value = "100" xsi:type="ts:TS_double" flags = "0x0000"/>
				</c:Item>
				<c:Item name = "IncludeTimes">
					<c:Datum value = "true" xsi:type="ts:TS_boolean" flags = "0x0000"/>
				</c:Item>
				<c:Item name = "Format">
					<c:Datum xsi:type="ts:TS_string" flags = "0x0000">
						<c:Value>xml</c:Value>
					</c:Datum>
				</c:Item>
				<c:Item name = "NumericFormat">
					<c:Datum xsi:type="ts:TS_string" flags = "0x0000">
						<c:Value>%$.13g</c:Value>
					</c:Datum>
				</c:Item>
				<c:Item name = "ResultFilterExpression">
					<c:Datum xsi:type="ts:TS_string" flags = "0x0000">
						<c:Value>True</c:Value>
					</c:Datum>
				</c:Item>
				<c:Item name = "GeneratePath">
					<c:Datum value = "true" xsi:type="ts:TS_boolean" flags = "0x0000"/>
				</c:Item>
				<c:Item name = "UseTemporaryFile">
					<c:Datum value = "false" xsi:type="ts:TS_boolean" flags = "0x0000"/>
				</c:Item>
				<c:Item name = "UseSequenceFileNameAsPrefix">
					<c:Datum value = "true" xsi:type="ts:TS_boolean" flags = "0x0000"/>
				</c:Item>
				<c:Item name = "AddTimeAndDateToFileName">
					<c:Datum value = "true" xsi:type="ts:TS_boolean" flags = "0x0000"/>
				</c:Item>
				<c:Item name = "NewFileNameForEachUUT">
					<c:Datum value = "false" xsi:type="ts:TS_boolean" flags = "0x0000"/>
				</c:Item>
				<c:Item name = "ForceFileNameToBeUnique">
					<c:Datum value = "true" xsi:type="ts:TS_boolean" flags = "0x0000"/>
				</c:Item>
				<c:Item name = "AppendToFileIfItExists">
					<c:Datum value = "false" xsi:type="ts:TS_boolean" flags = "0x0000"/>
				</c:Item>
				<c:Item name = "DirectoryType">
					<c:Datum xsi:type="ts:TS_string" flags = "0x0000">
						<c:Value>SequenceFileDirectory</c:Value>
					</c:Datum>
				</c:Item>
				<c:Item name = "Directory">
					<c:Datum xsi:type="ts:TS_string" flags = "0x0000">
						<c:Value></c:Value>
					</c:Datum>
				</c:Item>
				<c:Item name = "BaseName">
					<c:Datum xsi:type="ts:TS_string" flags = "0x0000">
						<c:Value>Report</c:Value>
					</c:Datum>
				</c:Item>
				<c:Item name = "UseFormatForExtension">
					<c:Datum value = "true" xsi:type="ts:TS_boolean" flags = "0x0000"/>
				</c:Item>
				<c:Item name = "Extension">
					<c:Datum xsi:type="ts:TS_string" flags = "0x0000">
						<c:Value></c:Value>
					</c:Datum>
				</c:Item>
				<c:Item name = "ReportFilePath">
					<c:Datum xsi:type="ts:TS_string" flags = "0x0000">
						<c:Value></c:Value>
					</c:Datum>
				</c:Item>
				<c:Item name = "DisableReportGeneration">
					<c:Datum value = "false" xsi:type="ts:TS_boolean" flags = "0x0000"/>
				</c:Item>
				<c:Item name = "IncludeStepResults">
					<c:Datum value = "true" xsi:type="ts:TS_boolean" flags = "0x0000"/>
				</c:Item>
				<c:Item name = "BodyGenerator">
					<c:Datum xsi:type="ts:TS_string" flags = "0x0000">
						<c:Value>DLL</c:Value>
					</c:Datum>
				</c:Item>
				<c:Item name = "Colors">
					<c:Collection xsi:type="ts:TS_Collection" flags = "0x0000">
						<c:Item name = "LabelBg">
							<c:Datum xsi:type="ts:TS_string" flags = "0x0000">
								<c:Value>#FFFFFF</c:Value>
							</c:Datum>
						</c:Item>
						<c:Item name = "ValueBg">
							<c:Datum xsi:type="ts:TS_string" flags = "0x0000">
								<c:Value>#32FFFF</c:Value>
							</c:Datum>
						</c:Item>
						<c:Item name = "UUTSeparator">
							<c:Datum xsi:type="ts:TS_string" flags = "0x0000">
								<c:Value>#0000E0</c:Value>
							</c:Datum>
						</c:Item>
						<c:Item name = "HeaderSeparator">
							<c:Datum xsi:type="ts:TS_string" flags = "0x0000">
								<c:Value>#8000CC</c:Value>
							</c:Datum>
						</c:Item>
						<c:Item name = "TableBorder">
							<c:Datum xsi:type="ts:TS_string" flags = "0x0000">
								<c:Value>#000000</c:Value>
							</c:Datum>
						</c:Item>
						<c:Item name = "MainBg">
							<c:Datum xsi:type="ts:TS_string" flags = "0x0000">
								<c:Value>#00C4C4</c:Value>
							</c:Datum>
						</c:Item>
						<c:Item name = "SetupBg">
							<c:Datum xsi:type="ts:TS_string" flags = "0x0000">
								<c:Value>#FF8000</c:Value>
							</c:Datum>
						</c:Item>
						<c:Item name = "CleanupBg">
							<c:Datum xsi:type="ts:TS_string" flags = "0x0000">
								<c:Value>#ADD8E6</c:Value>
							</c:Datum>
						</c:Item>
						<c:Item name = "ReportTextBg">
							<c:Datum xsi:type="ts:TS_string" flags = "0x0000">
								<c:Value>#FF32CC</c:Value>
							</c:Datum>
						</c:Item>
						<c:Item name = "Terminated">
							<c:Datum xsi:type="ts:TS_string" flags = "0x0000">
								<c:Value>#000080</c:Value>
							</c:Datum>
						</c:Item>
						<c:Item name = "Failed">
							<c:Datum xsi:type="ts:TS_string" flags = "0x0000">
								<c:Value>#FF0000</c:Value>
							</c:Datum>
						</c:Item>
						<c:Item name = "Error">
							<c:Datum xsi:type="ts:TS_string" flags = "0x0000">
								<c:Value>#FF0000</c:Value>
							</c:Datum>
						</c:Item>
						<c:Item name = "Passed">
							<c:Datum xsi:type="ts:TS_string" flags = "0x0000">
								<c:Value>#008000</c:Value>
							</c:Datum>
						</c:Item>
						<c:Item name = "Skipped">
							<c:Datum xsi:type="ts:TS_string" flags = "0x0000">
								<c:Value>#B98028</c:Value>
							</c:Datum>
						</c:Item>
						<c:Item name = "Done">
							<c:Datum xsi:type="ts:TS_string" flags = "0x0000">
								<c:Value>#008000</c:Value>
							</c:Datum>
						</c:Item>
						<c:Item name = "Running">
							<c:Datum xsi:type="ts:TS_string" flags = "0x0000">
								<c:Value>#FFCC33</c:Value>
							</c:Datum>
						</c:Item>
						<c:Item name = "TerminatedBg">
							<c:Datum xsi:type="ts:TS_string" flags = "0x0000">
								<c:Value>#0000FF</c:Value>
							</c:Datum>
						</c:Item>
						<c:Item name = "FailedBg">
							<c:Datum xsi:type="ts:TS_string" flags = "0x0000">
								<c:Value>#FF0000</c:Value>
							</c:Datum>
						</c:Item>
						<c:Item name = "ErrorBg">
							<c:Datum xsi:type="ts:TS_string" flags = "0x0000">
								<c:Value>#FF0000</c:Value>
							</c:Datum>
						</c:Item>
						<c:Item name = "PassedBg">
							<c:Datum xsi:type="ts:TS_string" flags = "0x0000">
								<c:Value>#00FF00</c:Value>
							</c:Datum>
						</c:Item>
						<c:Item name = "SkippedBg">
							<c:Datum xsi:type="ts:TS_string" flags = "0x0000">
								<c:Value>#FFFF00</c:Value>
							</c:Datum>
						</c:Item>
						<c:Item name = "DoneBg">
							<c:Datum xsi:type="ts:TS_string" flags = "0x0000">
								<c:Value>#00FFCC</c:Value>
							</c:Datum>
						</c:Item>
						<c:Item name = "RunningBg">
							<c:Datum xsi:type="ts:TS_string" flags = "0x0000">
								<c:Value>#FFCC33</c:Value>
							</c:Datum>
						</c:Item>
						<c:Item name = "FailureStackLabelBg">
							<c:Datum xsi:type="ts:TS_string" flags = "0x0000">
								<c:Value>#FF2020</c:Value>
							</c:Datum>
						</c:Item>
						<c:Item name = "FailureStackValueBg">
							<c:Datum xsi:type="ts:TS_string" flags = "0x0000">
								<c:Value>#D0D0D0</c:Value>
							</c:Datum>
						</c:Item>
						<c:Item name = "BatchHeadingBg">
							<c:Datum xsi:type="ts:TS_string" flags = "0x0000">
								<c:Value>#00C4C4</c:Value>
							</c:Datum>
						</c:Item>
					</c:Collection>
				</c:Item>
				<c:Item name = "DateAndTimeFormat">
					<c:Datum xsi:type="ts:TS_string" flags = "0x0000">
						<c:Value>TimeFirst</c:Value>
					</c:Datum>
				</c:Item>
				<c:Item name = "NewFileNameForEachBatch">
					<c:Datum value = "false" xsi:type="ts:TS_boolean" flags = "0x0000"/>
				</c:Item>
				<c:Item name = "NewBatchFileNameForEachBatch">
					<c:Datum value = "false" xsi:type="ts:TS_boolean" flags = "0x0000"/>
				</c:Item>
				<c:Item name = "NewFileNameForEachTestSocket">
					<c:Datum value = "false" xsi:type="ts:TS_boolean" flags = "0x0000"/>
				</c:Item>
				<c:Item name = "StoreUUTReportWithBatchReport">
					<c:Datum value = "true" xsi:type="ts:TS_boolean" flags = "0x0000"/>
				</c:Item>
				<c:Item name = "BatchBaseName">
					<c:Datum xsi:type="ts:TS_string" flags = "0x0000">
						<c:Value>BatchReport</c:Value>
					</c:Datum>
				</c:Item>
				<c:Item name = "LabelSize">
					<c:Datum value = "26" xsi:type="ts:TS_double" flags = "0x0000"/>
				</c:Item>
				<c:Item name = "RelStylesheetPath">
					<c:Datum xsi:type="ts:TS_string" flags = "0x0000">
						<c:Value>tr5_horizontal.xsl</c:Value>
					</c:Datum>
				</c:Item>
				<c:Item name = "StylesheetPath">
					<c:Datum xsi:type="ts:TS_string" flags = "0x0000">
						<c:Value>C:\Program Files (x86)\National Instruments\TestStand 2019\Components\Models\TestStandModels\ATML\StyleSheets\tr5_horizontal.xsl</c:Value>
					</c:Datum>
				</c:Item>
				<c:Item name = "StylesheetMRU">
					<c:IndexedArray dimensions="[5]" lowerBounds="[0]" upperBounds="[4]" xsi:type="ts:TS_stringArray" flags = "0x0000">
						<ts:Element position ="[0]">
							<c:Value>horizontal.xsl</c:Value>
						</ts:Element>
						<ts:Element position ="[1]">
							<c:Value>report.xsl</c:Value>
						</ts:Element>
						<ts:Element position ="[2]">
							<c:Value>expand.xsl</c:Value>
						</ts:Element>
						<ts:Element position ="[3]">
							<c:Value></c:Value>
						</ts:Element>
						<ts:Element position ="[4]">
							<c:Value></c:Value>
						</ts:Element>
					</c:IndexedArray>
				</c:Item>
				<c:Item name = "ATMLStylesheetMRU">
					<c:IndexedArray dimensions="[3]" lowerBounds="[0]" upperBounds="[2]" xsi:type="ts:TS_stringArray" flags = "0x0000">
						<ts:Element position ="[0]">
							<c:Value>TR_horizontal.xsl</c:Value>
						</ts:Element>
						<ts:Element position ="[1]">
							<c:Value>trml.xsl</c:Value>
						</ts:Element>
						<ts:Element position ="[2]">
							<c:Value></c:Value>
						</ts:Element>
					</c:IndexedArray>
				</c:Item>
				<c:Item name = "StoreStylesheetAbsolutePath">
					<c:Datum value = "true" xsi:type="ts:TS_boolean" flags = "0x0000"/>
				</c:Item>
				<c:Item name = "ProcessOnTheFly">
					<c:Datum value = "false" xsi:type="ts:TS_boolean" flags = "0x0000"/>
				</c:Item>
				<c:Item name = "PurgeOnTheFlyResults">
					<c:Datum value = "false" xsi:type="ts:TS_boolean" flags = "0x0000"/>
				</c:Item>
				<c:Item name = "GeneratePDFReport">
					<c:Datum value = "false" xsi:type="ts:TS_boolean" flags = "0x0000"/>
				</c:Item>
				<c:Item name = "IncludeStepResultComments">
					<c:Datum value = "true" xsi:type="ts:TS_boolean" flags = "0x0000"/>
				</c:Item>
				<c:Item name = "UseLocalizedDecimalPoint">
					<c:Datum value = "false" xsi:type="ts:TS_boolean" flags = "0x0000"/>
				</c:Item>
				<c:Item name = "ReportStyle">
					<c:Datum xsi:type="ts:TS_string" flags = "0x0000">
						<c:Value>atml5</c:Value>
					</c:Datum>
				</c:Item>
				<c:Item name = "ReportFileSequentialModelExpression">
					<c:Datum xsi:type="ts:TS_string" flags = "0x0000">
						<c:Value>"$(ClientFileDir)\\$(ClientFileName)_Report[$(FileTime)][$(FileDate)]$(Unique).$(FileExtension)"</c:Value>
					</c:Datum>
				</c:Item>
				<c:Item name = "ReportFileParallelModelExpression">
					<c:Datum xsi:type="ts:TS_string" flags = "0x0000">
						<c:Value>"$(ClientFileDir)\\$(ClientFileName)_Report[$(FileTime)][$(FileDate)]$(Unique).$(FileExtension)"</c:Value>
					</c:Datum>
				</c:Item>
				<c:Item name = "ReportFileBatchModelExpression">
					<c:Datum xsi:type="ts:TS_string" flags = "0x0000">
						<c:Value>"$(ClientFileDir)\\$(ClientFileName)_BatchReport[$(FileTime)][$(FileDate)]$(Unique).$(FileExtension)"</c:Value>
					</c:Datum>
				</c:Item>
				<c:Item name = "BatchFileBatchModelExpression">
					<c:Datum xsi:type="ts:TS_string" flags = "0x0000">
						<c:Value>"$(ClientFileDir)\\$(ClientFileName)_BatchReport[$(FileTime)][$(FileDate)]$(Unique).$(FileExtension)"</c:Value>
					</c:Datum>
				</c:Item>
				<c:Item name = "NewFileNameForEachUUTStatus">
					<c:Datum value = "false" xsi:type="ts:TS_boolean" flags = "0x0000"/>
				</c:Item>
				<c:Item name = "ReportPathMacroListString">
					<c:Datum xsi:type="ts:TS_string" flags = "0x0000">
						<c:Value></c:Value>
					</c:Datum>
				</c:Item>
				<c:Item name = "BatchReportPathMacroListString">
					<c:Datum xsi:type="ts:TS_string" flags = "0x0000">
						<c:Value></c:Value>
					</c:Datum>
				</c:Item>
				<c:Item name = "CheckIfMacroListIsUnchanged">
					<c:Datum value = "true" xsi:type="ts:TS_boolean" flags = "0x0000"/>
				</c:Item>
				<c:Item name = "ATML5StylesheetMRU">
					<c:IndexedArray dimensions="[5]" lowerBounds="[0]" upperBounds="[4]" xsi:type="ts:TS_stringArray" flags = "0x0000">
						<ts:Element position ="[0]">
							<c:Value>tr5_horizontal.xsl</c:Value>
						</ts:Element>
						<ts:Element position ="[1]">
							<c:Value>tr5_report.xsl</c:Value>
						</ts:Element>
						<ts:Element position ="[2]">
							<c:Value>tr5_expand.xsl</c:Value>
						</ts:Element>
						<ts:Element position ="[3]">
							<c:Value></c:Value>
						</ts:Element>
						<ts:Element position ="[4]">
							<c:Value></c:Value>
						</ts:Element>
					</c:IndexedArray>
				</c:Item>
				<c:Item name = "Atml_Rpt_Options">
					<c:Collection xsi:type="ts:TS_Collection" flags = "0x0000">
						<c:Item name = "AddReportText">
							<c:Datum value = "true" xsi:type="ts:TS_boolean" flags = "0x0000"/>
						</c:Item>
						<c:Item name = "ExtensionDLLAbsolutePath">
							<c:Datum xsi:type="ts:TS_string" flags = "0x0000">
								<c:Value></c:Value>
							</c:Datum>
						</c:Item>
						<c:Item name = "TestResultsSchemaPath">
							<c:Datum xsi:type="ts:TS_string" flags = "0x0000">
								<c:Value></c:Value>
							</c:Datum>
						</c:Item>
					</c:Collection>
				</c:Item>
				<c:Item name = "ATML6StylesheetMRU">
					<c:IndexedArray dimensions="[5]" lowerBounds="[0]" upperBounds="[4]" xsi:type="ts:TS_stringArray" flags = "0x0000">
						<ts:Element position ="[0]">
							<c:Value>tr6_horizontal.xsl</c:Value>
						</ts:Element>
						<ts:Element position ="[1]">
							<c:Value>tr6_report.xsl</c:Value>
						</ts:Element>
						<ts:Element position ="[2]">
							<c:Value>tr6_expand.xsl</c:Value>
						</ts:Element>
						<ts:Element position ="[3]">
							<c:Value></c:Value>
						</ts:Element>
						<ts:Element position ="[4]">
							<c:Value></c:Value>
						</ts:Element>
					</c:IndexedArray>
				</c:Item>
			</c:Collection>
		</tr:Configuration>
	</tr:TestProgram>
	<tr:TestStation>
		<c:SerialNumber>STL_WINDOWS10</c:SerialNumber>
	</tr:TestStation>
	<tr:UUT>
		<c:SerialNumber>NONE</c:SerialNumber>
	</tr:UUT>
	<tr:Extension>
		<ts:TSResultSetProperties>
			<ts:NumOfResults value = '9'/>
		</ts:TSResultSetProperties>
	</tr:Extension>
</trc:TestResults>
</trc:TestResultsCollection>
