<?xml version="1.0" encoding="UTF-8"?>
<!-- created with newWaveX v3.1.3 (http://www.newWaveX.com) -->
<tsf:TSFLibrary xmlns:tsf="urn:IEEE-1641:2010:STDTSF" xmlns:xsi="http://www.w3.org/2001/XMLSchema-instance" name="OnedBCompressionTest" uuid="{0AD51B49-1C9F-4FB1-BF66-D0795BB79C57}" version="1.6" xsi:schemaLocation="urn:IEEE-1641:2010:STDBSC STDBSC.xsd urn:IEEE-1641:2010:STDTSF STDTSF.xsd">
	<tsf:description>Compression test for Mini-Circuits ZJL-3G amplifier.
To determine the 1dB compression point of a unit under test, a suitable algorithm must be derived to traverse a range of input power levels; using the HI, LO and GO attributes of the ONE_DB_COMPRESSION_POINT TSF, until the 1dB compression point is found.</tsf:description>
	<tsf:TSF name="GAIN" uuid="{52AB212D-2161-4C59-A46E-64F15315B7AA}" xmlns:tsf="urn:IEEE-1641:2010:STDTSF" xmlns:std="urn:IEEE-1641:2010:STDBSC" xmlns="urn:IEEE-1641:2010:STDBSC">
		<tsf:interface>
			<xs:schema xmlns:xs="http://www.w3.org/2001/XMLSchema" elementFormDefault="qualified">
				<xs:element name="GAIN">
					<xs:annotation>
						<xs:documentation>Used to calculate the linear gain of a UUT, by applying a CW signal of a particular power and measuring the output power.</xs:documentation>
					</xs:annotation>
					<xs:complexType>
						<xs:complexContent>
							<xs:extension base="SignalFunctionType">
								<xs:attribute name="input_pwr" type="Power" default="0 W">
									<xs:annotation>
										<xs:documentation>Input power to the UUT.</xs:documentation>
									</xs:annotation>
								</xs:attribute>
								<xs:attribute name="measurement" type="Ratio" default='{{MeasOutputPower.measurement.withUnits("dBm").magnitude - input_pwr.withUnits("dBm").magnitude} dB}'>
									<xs:annotation>
										<xs:documentation>Gain of the UUT.</xs:documentation>
									</xs:annotation>
								</xs:attribute>
								<xs:attribute name="uut_input_pin" type="string" default="IN">
									<xs:annotation>
										<xs:documentation>UUT input pin name.</xs:documentation>
									</xs:annotation>
								</xs:attribute>
								<xs:attribute name="uut_output_pin" type="string" default="OUT">
									<xs:annotation>
										<xs:documentation>UUT output pin name.</xs:documentation>
									</xs:annotation>
								</xs:attribute>
								<xs:attribute name="measurement_complete" type="boolean" default="{MeasOutputPower.samples >= MeasOutputPower.count}">
									<xs:annotation>
										<xs:documentation>Determines whether a valid gain value is available to be read.</xs:documentation>
									</xs:annotation>
								</xs:attribute>
								<xs:attribute name="nominal" type="Ratio">
									<xs:annotation>
										<xs:documentation>This nominal gain is used to calculate the nominal value of the power output from the UUT and may be used by an instrument to select an appropriate range, such that the desired accuracy can be achieved.</xs:documentation>
									</xs:annotation>
								</xs:attribute>
								<xs:attribute name="input_freq" type="Frequency">
									<xs:annotation>
										<xs:documentation>The frequency at which the gain should be calculated.</xs:documentation>
									</xs:annotation>
								</xs:attribute>
							</xs:extension>
						</xs:complexContent>
					</xs:complexType>
				</xs:element>
			</xs:schema>
		</tsf:interface>
		<tsf:model>
			<Signal Out="MeasOutputPwr" In="UUT" xmlns:this="OnedBCompressionTest" xmlns:xsi="http://www.w3.org/2001/XMLSchema-instance" xsi:schemaLocation="OnedBCompressionTest OnedBCompressionTest.xsd">
				<TwoWire name="UUTOuput" lo="GND" hi="{uut_output_pin}" channelWidth="1" In="UUT"></TwoWire>
				<Instantaneous type="Frequency" name="FrequencyCapability" nominal="{input_freq}" In="UUTOuput"></Instantaneous>
				<this:RF_CW_STIMULUS name="RF_CW3" ampl="{input_pwr}" freq="{input_freq}" uut_input_pin="{uut_input_pin}"></this:RF_CW_STIMULUS>
				<SignalDelay name="UUTSettlingTime" delay="100ms errlmt -100.0ms" Sync="RF_CW3"></SignalDelay>
				<RMS name="MeasOutputPwr" samples="1" nominal='{{input_pwr.withUnit("dBm").magnitude + nominal.withUnit("dB").magnitude} dBm load 50 Ohm}' Sync="UUTSettlingTime" In="UUTOuput"></RMS>
			</Signal>
		</tsf:model>
	</tsf:TSF>
	<tsf:TSF name="RF_CW_STIMULUS" uuid="{23176307-46CC-4CE3-843E-3172893D5BDF}" xmlns:tsf="urn:IEEE-1641:2010:STDTSF" xmlns:std="urn:IEEE-1641:2010:STDBSC" xmlns="urn:IEEE-1641:2010:STDBSC">
		<tsf:interface>
			<xs:schema xmlns:xs="http://www.w3.org/2001/XMLSchema" elementFormDefault="qualified">
				<xs:element name="RF_CW_STIMULUS">
					<xs:annotation>
						<xs:documentation>A CW stimulus signal for Mini-Circuits ZJL-3G amplifier.</xs:documentation>
					</xs:annotation>
					<xs:complexType>
						<xs:complexContent>
							<xs:extension base="SignalFunctionType">
								<xs:attribute name="ampl" type="Power" default="0 W">
									<xs:annotation>
										<xs:documentation>Amplitude of this RF stimulus signal (dBm)</xs:documentation>
									</xs:annotation>
								</xs:attribute>
								<xs:attribute name="freq" type="Frequency">
									<xs:annotation>
										<xs:documentation>Frequency of this RF stimulus signal.</xs:documentation>
									</xs:annotation>
								</xs:attribute>
								<xs:attribute name="uut_input_pin" type="string" default="IN">
									<xs:annotation>
										<xs:documentation>UUT pin, to which to apply the signal.</xs:documentation>
									</xs:annotation>
								</xs:attribute>
							</xs:extension>
						</xs:complexContent>
					</xs:complexType>
				</xs:element>
			</xs:schema>
		</tsf:interface>
		<tsf:model>
			<Signal Out="UUTInput">
				<Sinusoid name="CWSignal" amplitude="{{ampl} load 50 Ohm}" frequency="{freq}"></Sinusoid>
				<TwoWire name="UUTInput" lo="GND" hi="{uut_input_pin}" channelWidth="1" In="CWSignal"></TwoWire>
			</Signal>
		</tsf:model>
	</tsf:TSF>
	<tsf:TSF name="ONE_DB_COMPRESSION_POINT" uuid="{182DC123-081C-4AAC-8EE9-C26F3E8C1F3E}" xmlns:tsf="urn:IEEE-1641:2010:STDTSF" xmlns:std="urn:IEEE-1641:2010:STDBSC" xmlns="urn:IEEE-1641:2010:STDBSC">
		<tsf:interface>
			<xs:schema xmlns:xs="http://www.w3.org/2001/XMLSchema" elementFormDefault="qualified">
				<xs:element name="ONE_DB_COMPRESSION_POINT">
					<xs:annotation>
						<xs:documentation>1 dB compression point test for Mini-Circuits ZJL-3G RF amplifier.
This TSF defines the conditions under which the 1dB compression point occurs for this class of amplifier. NB The test should be carreid out with the unit powered on.</xs:documentation>
					</xs:annotation>
					<xs:complexType>
						<xs:complexContent>
							<xs:extension base="SignalFunctionType">
								<xs:attribute name="input_pwr" type="Power" default="0 W">
									<xs:annotation>
										<xs:documentation>Power level to apply to the unit under test, to determine the 1 dB compression point.</xs:documentation>
									</xs:annotation>
								</xs:attribute>
								<xs:attribute name="GO" type="boolean" default="{MeasOutputPwr.GO}">
									<xs:annotation>
										<xs:documentation>True if the compression point is found.</xs:documentation>
									</xs:annotation>
								</xs:attribute>
								<xs:attribute name="HI" type="boolean" default="{MeasOutputPwr.HI}">
									<xs:annotation>
										<xs:documentation>True if the measured output power is above the 1 dB compression point.</xs:documentation>
									</xs:annotation>
								</xs:attribute>
								<xs:attribute name="LO" type="boolean" default="{MeasOutputPwr.LO}">
									<xs:annotation>
										<xs:documentation>True if the measured output power is below the 1 dB compression point.</xs:documentation>
									</xs:annotation>
								</xs:attribute>
								<xs:attribute name="errlmt" type="Ratio">
									<xs:annotation>
										<xs:documentation>The required tolerance for the compression point location.</xs:documentation>
									</xs:annotation>
								</xs:attribute>
								<xs:attribute name="linear_gain" type="Ratio"  default='0'>
									<xs:annotation>
										<xs:documentation>Linear region (small signal) gain for the unit under test.</xs:documentation>
									</xs:annotation>
								</xs:attribute>
								<xs:attribute name="measurement" type="Power" default="{MeasOutputPower.measurement}">
									<xs:annotation>
										<xs:documentation>Measured output power for the last measurement.</xs:documentation>
									</xs:annotation>
								</xs:attribute>
								<xs:attribute name="uut_input_pin" type="string" default="IN">
									<xs:annotation>
										<xs:documentation>UUT input pin name.</xs:documentation>
									</xs:annotation>
								</xs:attribute>
								<xs:attribute name="uut_output_pin" type="string" default="OUT">
									<xs:annotation>
										<xs:documentation>UUT output pin name.</xs:documentation>
									</xs:annotation>
								</xs:attribute>
								<xs:attribute name="input_freq" type="Frequency">
									<xs:annotation>
										<xs:documentation>Frequency to apply to the unit under test, to determine the 1 dB compression point.</xs:documentation>
									</xs:annotation>
								</xs:attribute>
								<xs:attribute name="measurement_complete" type="boolean" default="{MeasOutputPower.Count >= MeasOutputPower.samples}">
									<xs:annotation>
										<xs:documentation>Determines the measurement status.</xs:documentation>
									</xs:annotation>
								</xs:attribute>
							</xs:extension>
						</xs:complexContent>
					</xs:complexType>
				</xs:element>
			</xs:schema>
		</tsf:interface>
		<tsf:model>
			<Signal Out="MeasOutputPwr1" In="UUT1" xmlns:this="OnedBCompressionTest" xmlns:xsi="http://www.w3.org/2001/XMLSchema-instance" xsi:schemaLocation="OnedBCompressionTest OnedBCompressionTest.xsd">
				<TwoWire name="UUTOutput" lo="GND" hi="{uut_output_pin}" channelWidth="1" In="UUT1"></TwoWire>
				<Instantaneous type="Frequency" name="FrequencyCapability1" nominal="{input_freq}" In="UUTOutput"></Instantaneous>
				<this:RF_CW_STIMULUS name="UUTInputPwr" ampl="{input_pwr}" freq="{input_freq}" uut_input_pin="{uut_input_pin}"></this:RF_CW_STIMULUS>
				<SignalDelay name="SignalDelay15" delay="100ms errlmt -100.0ms" Sync="UUTInputPwr"></SignalDelay>
				<RMS name="MeasOutputPwr1" samples="1" nominal='{{input_pwr.withUnits("dBm").magnitude + linear_gain.withUnits("dB").magnitude} dBm load 50 Ohm}' UL='{linear_gain.withUnits("dB").magnitude + input_pwr.withUnits("dBm").magnitude - 1 dB + errlmt.withUnits("dB").magnitude}' LL='{linear_gain.withUnits("dB").magnitude + input_pwr.withUnits("dBm").magnitude - 1 dB - errlmt.withUnits("dB").magnitude}' Sync="SignalDelay15" In="UUTOutput"></RMS>
			</Signal>
		</tsf:model>
	</tsf:TSF>
	<tsf:TSF name="UUT_PSU" uuid="{97FD3171-C5A1-4E32-98A3-73CA662AF91B}" xmlns:tsf="urn:IEEE-1641:2010:STDTSF" xmlns:std="urn:IEEE-1641:2010:STDBSC" xmlns="urn:IEEE-1641:2010:STDBSC">
		<tsf:interface>
			<xs:schema xmlns:xs="http://www.w3.org/2001/XMLSchema" elementFormDefault="qualified">
				<xs:element name="UUT_PSU">
					<xs:annotation>
						<xs:documentation>A power supply for the Mini-Circuits ZJL-3G amplifier, to power the unit during the associated tests.</xs:documentation>
					</xs:annotation>
					<xs:complexType>
						<xs:complexContent>
							<xs:extension base="SignalFunctionType">
								<xs:attribute name="uut_power_pos_pin" type="string" default="+12V">
									<xs:annotation>
										<xs:documentation>Power pin name on the UUT</xs:documentation>
									</xs:annotation>
								</xs:attribute>
							</xs:extension>
						</xs:complexContent>
					</xs:complexType>
				</xs:element>
			</xs:schema>
		</tsf:interface>
		<tsf:model>
			<Signal Out="UUTPwrConnector">
				<Constant name="PSUVoltage" amplitude="12 V errlmt +1 V"></Constant>
				<Instantaneous type="Current" name="CurrentCapability" nominal="37mA range MAX 45 mA" In="PSUVoltage"></Instantaneous>
				<TwoWire name="UUTPwrConnector" lo="GND" hi="{uut_power_pos_pin}" channelWidth="1" In="PSUVoltage"></TwoWire>
			</Signal>
		</tsf:model>
	</tsf:TSF>
	<tsf:TSF name="ODCP_COMPLETE" uuid="{D230FB98-36BD-4865-AA5F-262128B578E4}" xmlns:tsf="urn:IEEE-1641:2010:STDTSF" xmlns:std="urn:IEEE-1641:2010:STDBSC" xmlns="urn:IEEE-1641:2010:STDBSC">
		<tsf:interface>
			<xs:schema xmlns:xs="http://www.w3.org/2001/XMLSchema" elementFormDefault="qualified">
				<xs:element name="ODCP_COMPLETE">
					<xs:annotation>
						<xs:documentation>1 dB compression point test for Mini-Circuits ZJL-3G RF amplifier.
This TSF defines the conditions under which the 1dB compression point occurs for this class of amplifier. This measurement is determined in terms of the inverse transform of the 'detected' condition.
Input power is to be applied in the pattern defined by the Parameter1 component.
NB The test should be carreid out with the unit powered on.</xs:documentation>
					</xs:annotation>
					<xs:complexType>
						<xs:complexContent>
							<xs:extension base="SignalFunctionType">
								<xs:attribute name="max_input_pwr" type="Power">
									<xs:annotation>
										<xs:documentation>Maximum input power to the UUT.</xs:documentation>
									</xs:annotation>
								</xs:attribute>
								<xs:attribute name="min_input_pwr" type="Power">
									<xs:annotation>
										<xs:documentation>Minimum input power to the UUT.</xs:documentation>
									</xs:annotation>
								</xs:attribute>
								<xs:attribute name="freq" type="Frequency">
									<xs:annotation>
										<xs:documentation>Frequency at which to test the UUT.</xs:documentation>
									</xs:annotation>
								</xs:attribute>
								<xs:attribute name="measurement" type="Power" default="{InverseTransform.measurement}">
									<xs:annotation>
										<xs:documentation>The measured out output power from the UUT at the 1 dB compression point.</xs:documentation>
									</xs:annotation>
								</xs:attribute>
								<xs:attribute name="errlmt" type="Ratio">
									<xs:annotation>
										<xs:documentation>The accuracy with which the 1 dB compression point is to be measured.</xs:documentation>
									</xs:annotation>
								</xs:attribute>
								<xs:attribute name="gain" type="Ratio">
									<xs:annotation>
										<xs:documentation>The small signal gain of the UUT.</xs:documentation>
									</xs:annotation>
								</xs:attribute>
								<xs:attribute name="uut_output_pin" type="string" default="OUT">
									<xs:annotation>
										<xs:documentation>UUT output pin name.</xs:documentation>
									</xs:annotation>
								</xs:attribute>
								<xs:attribute name="uut_input_pin" type="string" default="IN">
									<xs:annotation>
										<xs:documentation>UUT input pin name.</xs:documentation>
									</xs:annotation>
								</xs:attribute>
							</xs:extension>
						</xs:complexContent>
					</xs:complexType>
				</xs:element>
			</xs:schema>
		</tsf:interface>
		<tsf:model>
			<Signal Out="InverseTransform" xmlns:this="OnedBCompressionTest" xmlns:xsi="http://www.w3.org/2001/XMLSchema-instance" xsi:schemaLocation="OnedBCompressionTest OnedBCompressionTest.xsd">
				<Noise name="NoiseVoltage9" amplitude="{{max_input_pwr.magnitude - min_input_pwr.magnitude} / 2} resolution {errlmt.magnitude}}"></Noise>
				<Constant name="ConstantVoltage17" amplitude="{min_input_pwr.magnitude}"></Constant>
				<Sum name="Sum20" In="NoiseVoltage9 ConstantVoltage17"></Sum>
				<Instantaneous name="Parameter1" In="Sum20"></Instantaneous>
				<this:ONE_DB_COMPRESSION_POINT name="ONE_DB_COMPRESSION_POINT13" input_pwr="{Parameter1.measurement}" errlmt="{errlmt}" linear_gain="{gain}" uut_input_pin="{uut_input_pin}" uut_output_pin="{uut_output_pin}" input_freq="{freq}"></this:ONE_DB_COMPRESSION_POINT>
				<TimedEvent name="EventActive"></TimedEvent>
				<Instantaneous type="Power" name="EventFromMeasurement" nominal='{{linear_gain.withUnits("dB").magnitude + input_pwr.withUnits("dBm").magnitude - 1 dB} errlmt {errlmt.withUnits("dB").magnitude}}' In="ONE_DB_COMPRESSION_POINT13"></Instantaneous>
				<Measure name="InverseTransform" As="EventFromMeasurement" attribute="ONE_DB_COMPRESSION_POINT14.measurement" In="EventActive"></Measure>
			</Signal>
		</tsf:model>
	</tsf:TSF>
</tsf:TSFLibrary>
