<?xml version='1.0' standalone='yes' ?>
<LVData xmlns="http://www.ni.com/LVData">
<Version>8.6</Version>
<String>
<Name>Instr 1 Type</Name>
<Val>Waveform Generator</Val>
</String>
<String>
<Name>Instr 1 Resource Name</Name>
<Val>AWG1</Val>
</String>
<String>
<Name>Instr 1 Class Name</Name>
<Val>ATE Resources\AWG1\Simulated AWG\Simulated AWG1.lvclass</Val>
</String>
<String>
<Name>Instr 2 Type</Name>
<Val>DC PSU</Val>
</String>
<String>
<Name>Instr 2 Resource Name</Name>
<Val>DCPS1</Val>
</String>
<String>
<Name>Instr 2 Class Name</Name>
<Val>ATE Resources\DCPS1\Simulated DCPS1\Simulated DCPS1.lvclass</Val>
</String>
<String>
<Name>Instr 3 Type</Name>
<Val>DMM</Val>
</String>
<String>
<Name>Instr 3 Resource Name</Name>
<Val>DMM1</Val>
</String>
<String>
<Name>Instr 3 Class Name</Name>
<Val>ATE Resources\DMM1\Simulated DMM1\Simulated DMM1.lvclass</Val>
</String>
<String>
<Name>Instr 4 Type</Name>
<Val>Switch</Val>
</String>
<String>
<Name>Instr 4 Resource Name</Name>
<Val>Switch</Val>
</String>
<String>
<Name>Instr 4 Class Name</Name>
<Val>ATE Resources\Switch\Simulated Switch\Simulated Switch.lvclass</Val>
</String>
<String>
<Name>Instr 1 Type</Name>
<Val>ZVBE</Val>
</String>
<String>
<Name>Instr 1 Resource Name</Name>
<Val>ZVBE</Val>
</String>
<String>
<Name>Instr 1 Class Name</Name>
<Val>ATE Resources\ZVBE\Simulated ZVBE\Simulated ZVBE.lvclass</Val>
</String>
</LVData>