<?xml version="1.0" encoding="UTF-8"?>
<!-- created with newWaveX v4.1.4 (http://www.newWaveX.com) -->
<tsf:TSFLibrary targetNamespace="ATMLDemoRTCASSLib" xmlns:tsf='urn:IEEE-1641:2010:STDTSF' xmlns:std='urn:IEEE-1641:2010:STDBSC' xmlns='urn:IEEE-1641:2010:STDBSC' xmlns:xsi='http://www.w3.org/2001/XMLSchema-instance' name='ATMLDemoRTCASSLib' uuid='{9E2F0F97-45BF-4AC3-94C8-26BA366A9EF5}' version='1.2' xsi:schemaLocation='urn:IEEE-1641:2010:STDBSC STDBSC.xsd urn:IEEE-1641:2010:STDTSF STDTSF.xsd'>
	<tsf:description>RTCASS ATML Demo Capability TSF Library</tsf:description>
	<tsf:TSF name='ACSignal' uuid='{EE6F8A64-8595-4293-BE1A-E910191D358C}' xmlns:tsf='urn:IEEE-1641:2010:STDTSF' xmlns:std='urn:IEEE-1641:2010:STDBSC' xmlns='urn:IEEE-1641:2010:STDBSC'>
		<tsf:interface>
			<xs:schema xmlns:xs='http://www.w3.org/2001/XMLSchema' elementFormDefault='qualified'>
				<xs:element name='ACSignal'>
					<xs:annotation>
						<xs:documentation>
							<!--Insert a definition for 'ACSignal' here-->
						</xs:documentation>
					</xs:annotation>
					<xs:complexType>
						<xs:complexContent>
							<xs:extension base='SignalFunctionType'>
								<xs:attribute name='amplitude' type='Voltage'>
									<xs:annotation>
										<xs:documentation>Insert a description for 'amplitude' here.</xs:documentation>
									</xs:annotation>
								</xs:attribute>
								<xs:attribute name='frequency' type='Frequency'>
									<xs:annotation>
										<xs:documentation>Insert a description for 'frequency' here.</xs:documentation>
									</xs:annotation>
								</xs:attribute>
							</xs:extension>
						</xs:complexContent>
					</xs:complexType>
				</xs:element>
			</xs:schema>
		</tsf:interface>
		<tsf:model>
			<Signal name='ACSignal' Out='AC_SIGNAL8' xmlns:tsf716='urn:IEEE-1641:2010:STDTSFLib' xmlns:xsi='http://www.w3.org/2001/XMLSchema-instance' xsi:schemaLocation='urn:IEEE-1641:2010:STDTSFLib STDTSFLib.xsd'>
				<tsf716:AC_SIGNAL name='AC_SIGNAL8' ac_ampl='amplitude' freq='frequency'/>
			</Signal>
		</tsf:model>
	</tsf:TSF>
	<tsf:TSF name='MeasureResistance' uuid='{24F33F50-BAE3-44D4-9B40-94069D10CEE1}' xmlns:tsf='urn:IEEE-1641:2010:STDTSF' xmlns:std='urn:IEEE-1641:2010:STDBSC' xmlns='urn:IEEE-1641:2010:STDBSC'>
		<tsf:interface>
			<xs:schema xmlns:xs='http://www.w3.org/2001/XMLSchema' elementFormDefault='qualified'>
				<xs:element name='MeasureResistance'>
					<xs:annotation>
						<xs:documentation>
							<!--Insert a definition for 'MeasureResistance' here-->
						</xs:documentation>
					</xs:annotation>
					<xs:complexType>
						<xs:complexContent>
							<xs:extension base='SignalFunctionType'>
								<xs:attribute name='nominal' type='Resistance'>
									<xs:annotation>
										<xs:documentation>Insert a description for 'nominal' here.</xs:documentation>
									</xs:annotation>
								</xs:attribute>
								<xs:attribute name='measurement' type='Resistance' default="{InstantaneousResistance4.measurement}"	>
									<xs:annotation>
										<xs:documentation>Insert a description for 'measurement' here.</xs:documentation>
									</xs:annotation>
								</xs:attribute>
							</xs:extension>
						</xs:complexContent>
					</xs:complexType>
				</xs:element>
			</xs:schema>
		</tsf:interface>
		<tsf:model>
			<Signal name='MeasureResistance' Out='InstantaneousResistance4' In='In'>
				<Instantaneous type='Resistance' name='InstantaneousResistance4' nominal='nominal' In='In'/>
			</Signal>
		</tsf:model>
	</tsf:TSF>
	<tsf:TSF name='ACMeasure' uuid='{194AE3EC-A5D8-47A2-A2ED-8F1DC28147E4}' xmlns:tsf='urn:IEEE-1641:2010:STDTSF' xmlns:std='urn:IEEE-1641:2010:STDBSC' xmlns='urn:IEEE-1641:2010:STDBSC'>
		<tsf:interface>
			<xs:schema xmlns:xs='http://www.w3.org/2001/XMLSchema' elementFormDefault='qualified'>
				<xs:element name='ACMeasure'>
					<xs:annotation>
						<xs:documentation>
							<!--Insert a definition for 'ACMeasure' here-->
						</xs:documentation>
					</xs:annotation>
					<xs:complexType>
						<xs:complexContent>
							<xs:extension base='SignalFunctionType'>
								<xs:attribute name='ac_ampl_range' type='Voltage'>
									<xs:annotation>
										<xs:documentation>Insert a description for 'ac_ampl_range' here.</xs:documentation>
									</xs:annotation>
								</xs:attribute>
								<xs:attribute name='freq' type='Frequency'>
									<xs:annotation>
										<xs:documentation>Insert a description for 'freq' here.</xs:documentation>
									</xs:annotation>
								</xs:attribute>
								<xs:attribute name='measurement' type='Voltage' default="{Measure9.measurement}"	>
									<xs:annotation>
										<xs:documentation>Insert a description for 'measurement' here.</xs:documentation>
									</xs:annotation>
								</xs:attribute>
							</xs:extension>
						</xs:complexContent>
					</xs:complexType>
				</xs:element>
			</xs:schema>
		</tsf:interface>
		<tsf:model>
			<Signal name='ACMeasure' Out='Measure9' xmlns:tsf716='urn:IEEE-1641:2010:STDTSFLib' xmlns:xsi='http://www.w3.org/2001/XMLSchema-instance' xsi:schemaLocation='urn:IEEE-1641:2010:STDTSFLib STDTSFLib.xsd'>
				<tsf716:AC_SIGNAL name='AcSignal1' ac_ampl='ac_ampl_range' freq='freq'/>
				<Measure name='Measure9' As='AcSignal1' attribute='ac_ampl'/>
			</Signal>
		</tsf:model>
	</tsf:TSF>
	<tsf:TSF name='ACMeasurePkPk' uuid='{4D560B02-6F58-47FB-BE47-51C41946B982}' xmlns:tsf='urn:IEEE-1641:2010:STDTSF' xmlns:std='urn:IEEE-1641:2010:STDBSC' xmlns='urn:IEEE-1641:2010:STDBSC'>
		<tsf:interface>
			<xs:schema xmlns:xs='http://www.w3.org/2001/XMLSchema' elementFormDefault='qualified'>
				<xs:element name='ACMeasurePkPk'>
					<xs:annotation>
						<xs:documentation>
							<!--Insert a definition for 'ACMeasurePkPk' here-->
						</xs:documentation>
					</xs:annotation>
					<xs:complexType>
						<xs:complexContent>
							<xs:extension base='SignalFunctionType'>
								<xs:attribute name='ac_ampl_range' type='Voltage'>
									<xs:annotation>
										<xs:documentation>Insert a description for 'ac_ampl_range' here.</xs:documentation>
									</xs:annotation>
								</xs:attribute>
								<xs:attribute name='freq' type='Frequency'>
									<xs:annotation>
										<xs:documentation>Insert a description for 'freq' here.</xs:documentation>
									</xs:annotation>
								</xs:attribute>
								<xs:attribute name='measurement' type='Voltage' default="{Measure10.measurement}"	>
									<xs:annotation>
										<xs:documentation>Insert a description for 'measurement' here.</xs:documentation>
									</xs:annotation>
								</xs:attribute>
							</xs:extension>
						</xs:complexContent>
					</xs:complexType>
				</xs:element>
			</xs:schema>
		</tsf:interface>
		<tsf:model>
			<Signal name='ACMeasurePkPk' Out='Measure10' In='In1' xmlns:tsf716='urn:IEEE-1641:2010:STDTSFLib' xmlns:xsi='http://www.w3.org/2001/XMLSchema-instance' xsi:schemaLocation='urn:IEEE-1641:2010:STDTSFLib STDTSFLib.xsd'>
				<tsf716:AC_SIGNAL name='AC_SIGNAL10' ac_ampl='ac_ampl_range' freq='freq'/>
				<Measure name='Measure10' nominal='pk_pk' As='AC_SIGNAL10' attribute='ac_ampl' In='In1'/>
			</Signal>
		</tsf:model>
	</tsf:TSF>
	<tsf:TSF name='DCVoltage' uuid='{C8D22426-CCA7-450F-8EC1-FE845B603BC5}' xmlns:tsf='urn:IEEE-1641:2010:STDTSF' xmlns:std='urn:IEEE-1641:2010:STDBSC' xmlns='urn:IEEE-1641:2010:STDBSC'>
		<tsf:interface>
			<xs:schema xmlns:xs='http://www.w3.org/2001/XMLSchema' elementFormDefault='qualified'>
				<xs:element name='DCVoltage'>
					<xs:annotation>
						<xs:documentation>
							<!--Insert a definition for 'DCVoltage' here-->
						</xs:documentation>
					</xs:annotation>
					<xs:complexType>
						<xs:complexContent>
							<xs:extension base='SignalFunctionType'>
								<xs:attribute name='dc_range' type='Voltage'>
									<xs:annotation>
										<xs:documentation>Insert a description for 'dc_range' here.</xs:documentation>
									</xs:annotation>
								</xs:attribute>
								<xs:attribute name='measurement' type='Voltage' default="{Measure11.measurement}"	>
									<xs:annotation>
										<xs:documentation>Insert a description for 'measurement' here.</xs:documentation>
									</xs:annotation>
								</xs:attribute>
							</xs:extension>
						</xs:complexContent>
					</xs:complexType>
				</xs:element>
			</xs:schema>
		</tsf:interface>
		<tsf:model>
			<Signal name='DCVoltage' Out='Measure11' In='In2' xmlns:tsf716='urn:IEEE-1641:2010:STDTSFLib' xmlns:xsi='http://www.w3.org/2001/XMLSchema-instance' xsi:schemaLocation='urn:IEEE-1641:2010:STDTSFLib STDTSFLib.xsd'>
				<tsf716:DC_SIGNAL name='DC_SIGNAL8' dc_ampl='dc_range' ac_ampl='0 V'/>
				<Measure name='Measure11' As='DC_SIGNAL8' attribute='dc_ampl' In='In2'/>
			</Signal>
		</tsf:model>
	</tsf:TSF>
	<tsf:TSF name='Short' uuid='{2E9487CD-75BB-459F-8BDA-2C95AFB86A79}' xmlns:tsf='urn:IEEE-1641:2010:STDTSF' xmlns:std='urn:IEEE-1641:2010:STDBSC' xmlns='urn:IEEE-1641:2010:STDBSC'>
		<tsf:interface>
			<xs:schema xmlns:xs='http://www.w3.org/2001/XMLSchema' elementFormDefault='qualified'>
				<xs:element name='Short'>
					<xs:annotation>
						<xs:documentation>
							<!--Insert a definition for 'Short' here-->
						</xs:documentation>
					</xs:annotation>
					<xs:complexType>
						<xs:complexContent>
							<xs:extension base='SignalFunctionType'>
								<xs:attribute name='amplitude' type='Resistance'>
									<xs:annotation>
										<xs:documentation>Insert a description for 'amplitude' here.</xs:documentation>
									</xs:annotation>
								</xs:attribute>
							</xs:extension>
						</xs:complexContent>
					</xs:complexType>
				</xs:element>
			</xs:schema>
		</tsf:interface>
		<tsf:model>
			<Signal name='Short' Out='ConstantResistance20'>
				<Constant type='Resistance' name='ConstantResistance20' amplitude='amplitude'/>
			</Signal>
		</tsf:model>
	</tsf:TSF>
	<tsf:TSF name='DC' uuid='{D4A0FDBF-D5B7-458F-B532-08742B364C10}' xmlns:tsf='urn:IEEE-1641:2010:STDTSF' xmlns:std='urn:IEEE-1641:2010:STDBSC' xmlns='urn:IEEE-1641:2010:STDBSC'>
		<tsf:interface>
			<xs:schema xmlns:xs='http://www.w3.org/2001/XMLSchema' elementFormDefault='qualified'>
				<xs:element name='DC'>
					<xs:annotation>
						<xs:documentation>
							<!--Insert a definition for 'DC' here-->
						</xs:documentation>
					</xs:annotation>
					<xs:complexType>
						<xs:complexContent>
							<xs:extension base='SignalFunctionType'>
								<xs:attribute name='dc_ampl' type='Voltage'>
									<xs:annotation>
										<xs:documentation>Insert a description for 'dc_ampl' here.</xs:documentation>
									</xs:annotation>
								</xs:attribute>
							</xs:extension>
						</xs:complexContent>
					</xs:complexType>
				</xs:element>
			</xs:schema>
		</tsf:interface>
		<tsf:model>
			<Signal name='DC' Out='DC_SIGNAL9' xmlns:tsf716='urn:IEEE-1641:2010:STDTSFLib' xmlns:xsi='http://www.w3.org/2001/XMLSchema-instance' xsi:schemaLocation='urn:IEEE-1641:2010:STDTSFLib STDTSFLib.xsd'>
				<tsf716:DC_SIGNAL name='DC_SIGNAL9' dc_ampl='dc_ampl' ac_ampl='0 V'/>
			</Signal>
		</tsf:model>
	</tsf:TSF>
</tsf:TSFLibrary>
