﻿<?xml version="1.0" encoding="utf-8"?>
<CapabilityDriverDescription xmlns="eads:02:CapabilityDriverDescription" xmlns:xsi="http://www.w3.org/2001/XMLSchema-instance" xmlns:xs="http://www.w3.org/2001/XMLSchema" xsi:schemaLocation="eads:02:CapabilityDriverDescription CapabilityDriverDescription.xsd">
  <ResourceManager>
    <Create>
      <Driver name="#include &quot;SignalRouting.h&quot;"></Driver>
      <Driver name=""></Driver>
      <Driver name="#include &quot;CVIRuntimeSupport\Common.h&quot;"></Driver>
      <Driver name="#include &quot;CVIRuntimeSupport\GenericSupport.h&quot;"></Driver>
      <Driver name=""></Driver>
      <Driver name="CDotNetHandle g_MeasureOnedBCompressionPoint_ZVB8"></Driver>
      <Driver name="CDotNetHandle g_ACMeasure_DMM1"></Driver>
      <Driver name="CDotNetHandle g_ACMeasure_SCP1"></Driver>
      <Driver name="CDotNetHandle g_ACMeasurePkPk_DMM1"></Driver>
      <Driver name="CDotNetHandle g_ACMeasurePkPk_SCP1"></Driver>
      <Driver name="CDotNetHandle g_MeasureResistanceDmm1"></Driver>
      <Driver name="CDotNetHandle g_DCVoltage_Dmm1"></Driver>
      <Driver name="CDotNetHandle g_DCVoltage_SCP1"></Driver>
      <Driver name="CDotNetHandle g_ACSignal_AWG1"></Driver>
      <Driver name="CDotNetHandle g_DC_DCPS1"></Driver>
    </Create>
  </ResourceManager>
  <Capability name="MeasureOnedBCompressionPoint.ZVB8">
    <Create>
      <Driver name="CDotNetHandle dotMeasureOnedBCompressionPoint_ZVB8dotErrLmt"></Driver>
      <Driver name="CDotNetHandle dotMeasureOnedBCompressionPoint_ZVB8dotLinearGain"></Driver>
      <Driver name="CDotNetHandle dotMeasureOnedBCompressionPoint_ZVB8dotUutInputPin"></Driver>
      <Driver name="CDotNetHandle dotMeasureOnedBCompressionPoint_ZVB8dotUutOutputPin"></Driver>
      <Driver name="CDotNetHandle dotMeasureOnedBCompressionPoint_ZVB8dotMeasurement"></Driver>
      <Driver name="CDotNetHandle dotMeasureOnedBCompressionPoint_ZVB8dotOut"></Driver>
      <Driver name="CDotNetHandle dotMeasureOnedBCompressionPoint_ZVB8dotInputFreq"></Driver>
      <Driver name=""></Driver>
      <Driver name="ResMan_Require">
        <Parameter name="TSFName">
          <Value>"ONE_DB_COMPRESSION_POINT"</Value>
        </Parameter>
        <Parameter name="UniqueID">
          <Value>"ZVB8"</Value>
        </Parameter>
        <Parameter name="TSFInstanceHandle">
          <Value>&amp;g_MeasureOnedBCompressionPoint_ZVB8</Value>
        </Parameter>
      </Driver>
    </Create>
    <Require>
      <Driver name="" />
    </Require>
    <Attribute name="odcp1.errlmt">
      <Write>
        <Driver name="GetObjectProperty">
          <Parameter>
            <Value>g_MeasureOnedBCompressionPoint_ZVB8</Value>
          </Parameter>
          <Parameter>
            <Value>"errlmt"</Value>
          </Parameter>
          <Parameter>
            <Value>&amp;dotMeasureOnedBCompressionPoint_ZVB8dotErrLmt</Value>
          </Parameter>
        </Driver>
        <Driver name="SetVariantStringProperty">
          <Parameter>
            <Value>dotMeasureOnedBCompressionPoint_ZVB8dotErrLmt</Value>
          </Parameter>
          <Parameter>
            <Value>"value"</Value>
          </Parameter>
          <Parameter>
            <Value>"{this.value}"</Value>
          </Parameter>
        </Driver>
        <Driver name="Dispose">
          <Parameter name="Scalar">
            <Value>&amp;dotMeasureOnedBCompressionPoint_ZVB8dotErrLmt</Value>
          </Parameter>
          <Parameter name="TypeID">
            <Value>CDOTNET_OBJECT</Value>
          </Parameter>
          <Parameter name="Description">
            <Value>""</Value>
          </Parameter>
        </Driver>
        <Driver name=""></Driver>
      </Write>
    </Attribute>
    <Attribute name="odcp1.input_freq">
      <Write>
        <Driver name="GetObjectProperty">
          <Parameter>
            <Value>g_MeasureOnedBCompressionPoint_ZVB8</Value>
          </Parameter>
          <Parameter>
            <Value>"input_freq"</Value>
          </Parameter>
          <Parameter>
            <Value>&amp;dotMeasureOnedBCompressionPoint_ZVB8dotInputFreq</Value>
          </Parameter>
        </Driver>
        <Driver name="SetVariantStringProperty">
          <Parameter>
            <Value>dotMeasureOnedBCompressionPoint_ZVB8dotInputFreq</Value>
          </Parameter>
          <Parameter>
            <Value>"value"</Value>
          </Parameter>
          <Parameter>
            <Value>"{this.value}"</Value>
          </Parameter>
        </Driver>
        <Driver name="Dispose">
          <Parameter name="Scalar">
            <Value>&amp;dotMeasureOnedBCompressionPoint_ZVB8dotInputFreq</Value>
          </Parameter>
          <Parameter name="TypeID">
            <Value>CDOTNET_OBJECT</Value>
          </Parameter>
          <Parameter name="Description">
            <Value>""</Value>
          </Parameter>
        </Driver>
        <Driver name="" />
      </Write>
    </Attribute>
    <Attribute name="odcp1.linear_gain">
      <Write>
        <Driver name="GetObjectProperty">
          <Parameter>
            <Value>g_MeasureOnedBCompressionPoint_ZVB8</Value>
          </Parameter>
          <Parameter>
            <Value>"linear_gain"</Value>
          </Parameter>
          <Parameter>
            <Value>&amp;dotMeasureOnedBCompressionPoint_ZVB8dotLinearGain</Value>
          </Parameter>
        </Driver>
        <Driver name="SetVariantStringProperty">
          <Parameter>
            <Value>dotMeasureOnedBCompressionPoint_ZVB8dotLinearGain</Value>
          </Parameter>
          <Parameter>
            <Value>"value"</Value>
          </Parameter>
          <Parameter>
            <Value>"{IIf(0=this.magnitude, "yourVariableHere", this.value)}"</Value>
          </Parameter>
        </Driver>
        <Driver name="Dispose">
          <Parameter name="Scalar">
            <Value>&amp;dotMeasureOnedBCompressionPoint_ZVB8dotLinearGain</Value>
          </Parameter>
          <Parameter name="TypeID">
            <Value>CDOTNET_OBJECT</Value>
          </Parameter>
          <Parameter name="Description">
            <Value>""</Value>
          </Parameter>
        </Driver>
        <Driver name=""></Driver>
      </Write>
    </Attribute>
    <Attribute name="odcp1.uut_input_pin" default="IN">
      <Write>
        <Driver name="SetStringProperty">
          <Parameter>
            <Value>g_MeasureOnedBCompressionPoint_ZVB8</Value>
          </Parameter>
          <Parameter>
            <Value>"uut_input_pin"</Value>
          </Parameter>
          <Parameter>
            <Value>"{this.value}"</Value>
          </Parameter>
        </Driver>
        <Driver name=""></Driver>
      </Write>
    </Attribute>
    <Attribute name="odcp1.uut_output_pin" default="OUT">
      <Write>
        <Driver name="SetStringProperty">
          <Parameter>
            <Value>g_MeasureOnedBCompressionPoint_ZVB8</Value>
          </Parameter>
          <Parameter>
            <Value>"uut_output_pin"</Value>
          </Parameter>
          <Parameter>
            <Value>"{this.value}"</Value>
          </Parameter>
        </Driver>
        <Driver name=""></Driver>
      </Write>
    </Attribute>
    <Attribute name="odcp1.measurement">
      <Read>
        <Driver name="GetObjectProperty">
          <Parameter name="ObjectHandle">
            <Value>g_MeasureOnedBCompressionPoint_ZVB8</Value>
          </Parameter>
          <Parameter name="PropertyName">
            <Value>"measurement"</Value>
          </Parameter>
          <Parameter name="ObjectPropertyHandle">
            <Value>&amp;dotMeasureOnedBCompressionPoint_ZVB8dotMeasurement</Value>
          </Parameter>
        </Driver>
        <Driver name="GetDoubleProperty">
          <Parameter name="ObjectHandle">
            <Value>dotMeasureOnedBCompressionPoint_ZVB8dotMeasurement</Value>
          </Parameter>
          <Parameter name="PropertyName">
            <Value>"magnitude"</Value>
          </Parameter>
          <Parameter name="PropertyValue">
            <Value>yourVariableHere</Value>
          </Parameter>
        </Driver>
        <Driver name="Dispose">
          <Parameter name="Scalar">
            <Value>&amp;dotMeasureOnedBCompressionPoint_ZVB8dotMeasurement</Value>
          </Parameter>
          <Parameter name="TypeID">
            <Value>CDOTNET_OBJECT</Value>
          </Parameter>
          <Parameter name="Description">
            <Value>""</Value>
          </Parameter>
        </Driver>
      </Read>
    </Attribute>
    <Stop>
      <Driver name="CallMethodInIntReturnObject">
        <Parameter name="ObjectHandle">
          <Value>g_MeasureOnedBCompressionPoint_ZVB8</Value>
        </Parameter>
        <Parameter name="MethodName">
          <Value>"get_Out"</Value>
        </Parameter>
        <Parameter name="Param">
          <Value>0</Value>
        </Parameter>
        <Parameter name="ReturnObjectHandle">
          <Value>&amp;dotMeasureOnedBCompressionPoint_ZVB8dotOut</Value>
        </Parameter>
      </Driver>
      <Driver name="CallMethodInInt">
        <Parameter name="ObjectHandle">
          <Value>dotMeasureOnedBCompressionPoint_ZVB8dotOut</Value>
        </Parameter>
        <Parameter name="MethodName">
          <Value>"Stop"</Value>
        </Parameter>
        <Parameter name="Param">
          <Value>{timeOut}</Value>
        </Parameter>
      </Driver>
      <Driver name="Dispose">
        <Parameter name="Scalar">
          <Value>&amp;dotMeasureOnedBCompressionPoint_ZVB8dotOut</Value>
        </Parameter>
        <Parameter name="TypeID">
          <Value>CDOTNET_OBJECT</Value>
        </Parameter>
        <Parameter name="Description">
          <Value>""</Value>
        </Parameter>
      </Driver>
      <Driver name=""></Driver>
    </Stop>
    <Destroy>
      <Driver name="Dispose">
        <Parameter name="Scalar">
          <Value>&amp;g_MeasureOnedBCompressionPoint_ZVB8</Value>
        </Parameter>
        <Parameter name="TypeID">
          <Value>CDOTNET_OBJECT</Value>
        </Parameter>
        <Parameter name="Description">
          <Value>""</Value>
        </Parameter>
      </Driver>
      <Driver name=""></Driver>
    </Destroy>
  </Capability>
  <Capability name="ACMeasure.DMM1">
    <Create>
      <Driver name="CDotNetHandle dotACMeasure_DMM1dotAcAmplRange"></Driver>
      <Driver name="CDotNetHandle dotACMeasure_DMM1dotFreq"></Driver>
      <Driver name="CDotNetHandle dotACMeasure_DMM1dotMeasurement"></Driver>
      <Driver name="CDotNetHandle dotACMeasure_DMM1dotOut"></Driver>
      <Driver name=""></Driver>
      <Driver name="ResMan_Require">
        <Parameter name="TSFName">
          <Value>"ACMeasure"</Value>
        </Parameter>
        <Parameter name="UniqueID">
          <Value>"DMM1"</Value>
        </Parameter>
        <Parameter name="TSFInstanceHandle">
          <Value>&amp;g_ACMeasure_DMM1</Value>
        </Parameter>
      </Driver>
    </Create>
    <Require>
      <Driver name="" />
    </Require>
    <Attribute name="ACMeasure4.ac_ampl">
      <Write>
        <Driver name="GetObjectProperty">
          <Parameter>
            <Value>g_ACMeasure_DMM1</Value>
          </Parameter>
          <Parameter>
            <Value>"ac_ampl_range"</Value>
          </Parameter>
          <Parameter>
            <Value>&amp;dotACMeasure_DMM1dotAcAmplRange</Value>
          </Parameter>
        </Driver>
        <Driver name="SetVariantStringProperty">
          <Parameter>
            <Value>dotACMeasure_DMM1dotAcAmplRange</Value>
          </Parameter>
          <Parameter>
            <Value>"value"</Value>
          </Parameter>
          <Parameter>
            <Value>"{this.value}"</Value>
          </Parameter>
        </Driver>
        <Driver name="Dispose">
          <Parameter name="Scalar">
            <Value>&amp;dotACMeasure_DMM1dotAcAmplRange</Value>
          </Parameter>
          <Parameter name="TypeID">
            <Value>CDOTNET_OBJECT</Value>
          </Parameter>
          <Parameter name="Description">
            <Value>""</Value>
          </Parameter>
        </Driver>
        <Driver name=""></Driver>
      </Write>
    </Attribute>
    <Attribute name="ACMeasure4.freq">
      <Write>
        <Driver name="GetObjectProperty">
          <Parameter>
            <Value>g_ACMeasure_DMM1</Value>
          </Parameter>
          <Parameter>
            <Value>"freq"</Value>
          </Parameter>
          <Parameter>
            <Value>&amp;dotACMeasure_DMM1dotFreq</Value>
          </Parameter>
        </Driver>
        <Driver name="SetVariantStringProperty">
          <Parameter>
            <Value>dotACMeasure_DMM1dotFreq</Value>
          </Parameter>
          <Parameter>
            <Value>"value"</Value>
          </Parameter>
          <Parameter>
            <Value>"{this.value}"</Value>
          </Parameter>
        </Driver>
        <Driver name="Dispose">
          <Parameter name="Scalar">
            <Value>&amp;dotACMeasure_DMM1dotFreq</Value>
          </Parameter>
          <Parameter name="TypeID">
            <Value>CDOTNET_OBJECT</Value>
          </Parameter>
          <Parameter name="Description">
            <Value>""</Value>
          </Parameter>
        </Driver>
        <Driver name=""></Driver>
      </Write>
    </Attribute>
    <Attribute name="Measure9.measurement">
      <Read>
        <Driver name="GetObjectProperty">
          <Parameter name="ObjectHandle">
            <Value>g_ACMeasure_DMM1</Value>
          </Parameter>
          <Parameter name="PropertyName">
            <Value>"measurement"</Value>
          </Parameter>
          <Parameter name="ObjectPropertyHandle">
            <Value>&amp;dotACMeasure_DMM1dotMeasurement</Value>
          </Parameter>
        </Driver>
        <Driver name="GetDoubleProperty">
          <Parameter name="ObjectHandle">
            <Value>dotACMeasure_DMM1dotMeasurement</Value>
          </Parameter>
          <Parameter name="PropertyName">
            <Value>"magnitude"</Value>
          </Parameter>
          <Parameter name="PropertyValue">
            <Value>yourVariableHere</Value>
          </Parameter>
        </Driver>
        <Driver name="Dispose">
          <Parameter name="Scalar">
            <Value>&amp;dotACMeasure_DMM1dotMeasurement</Value>
          </Parameter>
          <Parameter name="TypeID">
            <Value>CDOTNET_OBJECT</Value>
          </Parameter>
          <Parameter name="Description">
            <Value>""</Value>
          </Parameter>
        </Driver>
      </Read>
    </Attribute>
    <Run>
      <Driver name="CallMethodInIntReturnObject">
        <Parameter name="ObjectHandle">
          <Value>g_ACMeasure_DMM1</Value>
        </Parameter>
        <Parameter name="MethodName">
          <Value>"get_Out"</Value>
        </Parameter>
        <Parameter name="Param">
          <Value>0</Value>
        </Parameter>
        <Parameter name="ReturnObjectHandle">
          <Value>&amp;dotACMeasure_DMM1dotOut</Value>
        </Parameter>
      </Driver>
      <Driver name="CallMethodInInt">
        <Parameter name="ObjectHandle">
          <Value>dotACMeasure_DMM1dotOut</Value>
        </Parameter>
        <Parameter name="MethodName">
          <Value>"Run"</Value>
        </Parameter>
        <Parameter name="Param">
          <Value>{timeOut}</Value>
        </Parameter>
      </Driver>
      <Driver name="Dispose">
        <Parameter name="Scalar">
          <Value>&amp;dotACMeasure_DMM1dotOut</Value>
        </Parameter>
        <Parameter name="TypeID">
          <Value>CDOTNET_OBJECT</Value>
        </Parameter>
        <Parameter name="Description">
          <Value>""</Value>
        </Parameter>
      </Driver>
      <Driver name=""></Driver>
    </Run>
    <Stop>
      <Driver name="CallMethodInIntReturnObject">
        <Parameter name="ObjectHandle">
          <Value>g_ACMeasure_DMM1</Value>
        </Parameter>
        <Parameter name="MethodName">
          <Value>"get_Out"</Value>
        </Parameter>
        <Parameter name="Param">
          <Value>0</Value>
        </Parameter>
        <Parameter name="ReturnObjectHandle">
          <Value>&amp;dotACMeasure_DMM1dotOut</Value>
        </Parameter>
      </Driver>
      <Driver name="CallMethodInInt">
        <Parameter name="ObjectHandle">
          <Value>dotACMeasure_DMM1dotOut</Value>
        </Parameter>
        <Parameter name="MethodName">
          <Value>"Stop"</Value>
        </Parameter>
        <Parameter name="Param">
          <Value>{timeOut}</Value>
        </Parameter>
      </Driver>
      <Driver name="Dispose">
        <Parameter name="Scalar">
          <Value>&amp;dotACMeasure_DMM1dotOut</Value>
        </Parameter>
        <Parameter name="TypeID">
          <Value>CDOTNET_OBJECT</Value>
        </Parameter>
        <Parameter name="Description">
          <Value>""</Value>
        </Parameter>
      </Driver>
      <Driver name=""></Driver>
    </Stop>
    <Destroy>
      <Driver name="Dispose">
        <Parameter name="Scalar">
          <Value>&amp;g_ACMeasure_DMM1</Value>
        </Parameter>
        <Parameter name="TypeID">
          <Value>CDOTNET_OBJECT</Value>
        </Parameter>
        <Parameter name="Description">
          <Value>""</Value>
        </Parameter>
      </Driver>
      <Driver name=""></Driver>
    </Destroy>
  </Capability>
  <Capability name="ACMeasure.SCP1">
    <Create>
      <Driver name="CDotNetHandle dotACMeasure_SCP1dotAcAmplRange"></Driver>
      <Driver name="CDotNetHandle dotACMeasure_SCP1dotFreq"></Driver>
      <Driver name="CDotNetHandle dotACMeasure_SCP1dotMeasurement"></Driver>
      <Driver name="CDotNetHandle dotACMeasure_SCP1dotOut"></Driver>
      <Driver name=""></Driver>
      <Driver name="ResMan_Require">
        <Parameter name="TSFName">
          <Value>"ACMeasure"</Value>
        </Parameter>
        <Parameter name="UniqueID">
          <Value>"DMM1"</Value>
        </Parameter>
        <Parameter name="TSFInstanceHandle">
          <Value>&amp;g_ACMeasure_SCP1</Value>
        </Parameter>
      </Driver>
    </Create>
    <Require>
      <Driver name="" />
    </Require>
    <Attribute name="ACMeasure4.ac_ampl">
      <Write>
        <Driver name="GetObjectProperty">
          <Parameter>
            <Value>g_ACMeasure_SCP1</Value>
          </Parameter>
          <Parameter>
            <Value>"ac_ampl_range"</Value>
          </Parameter>
          <Parameter>
            <Value>&amp;dotACMeasure_SCP1dotAcAmplRange</Value>
          </Parameter>
        </Driver>
        <Driver name="SetVariantStringProperty">
          <Parameter>
            <Value>dotACMeasure_SCP1dotAcAmplRange</Value>
          </Parameter>
          <Parameter>
            <Value>"value"</Value>
          </Parameter>
          <Parameter>
            <Value>"{this.value}"</Value>
          </Parameter>
        </Driver>
        <Driver name="Dispose">
          <Parameter name="Scalar">
            <Value>&amp;dotACMeasure_SCP1dotAcAmplRange</Value>
          </Parameter>
          <Parameter name="TypeID">
            <Value>CDOTNET_OBJECT</Value>
          </Parameter>
          <Parameter name="Description">
            <Value>""</Value>
          </Parameter>
        </Driver>
        <Driver name=""></Driver>
      </Write>
    </Attribute>
    <Attribute name="ACMeasure4.freq">
      <Write>
        <Driver name="GetObjectProperty">
          <Parameter>
            <Value>g_ACMeasure_SCP1</Value>
          </Parameter>
          <Parameter>
            <Value>"ac_ampl_range"</Value>
          </Parameter>
          <Parameter>
            <Value>&amp;dotACMeasure_SCP1dotAcAmplRange</Value>
          </Parameter>
        </Driver>
        <Driver name="SetVariantStringProperty">
          <Parameter>
            <Value>dotACMeasure_SCP1dotAcAmplRange</Value>
          </Parameter>
          <Parameter>
            <Value>"value"</Value>
          </Parameter>
          <Parameter>
            <Value>"{this.value}"</Value>
          </Parameter>
        </Driver>
        <Driver name="Dispose">
          <Parameter name="Scalar">
            <Value>&amp;dotACMeasure_SCP1dotAcAmplRange</Value>
          </Parameter>
          <Parameter name="TypeID">
            <Value>CDOTNET_OBJECT</Value>
          </Parameter>
          <Parameter name="Description">
            <Value>""</Value>
          </Parameter>
        </Driver>
        <Driver name=""></Driver>
      </Write>
    </Attribute>
    <Attribute name="Measure9.measurement">
      <Read>
        <Driver name="GetObjectProperty">
          <Parameter name="ObjectHandle">
            <Value>g_ACMeasure_SCP1</Value>
          </Parameter>
          <Parameter name="PropertyName">
            <Value>"measurement"</Value>
          </Parameter>
          <Parameter name="ObjectPropertyHandle">
            <Value>&amp;dotACMeasure_SCP1dotMeasurement</Value>
          </Parameter>
        </Driver>
        <Driver name="GetDoubleProperty">
          <Parameter name="ObjectHandle">
            <Value>dotACMeasure_SCP1dotMeasurement</Value>
          </Parameter>
          <Parameter name="PropertyName">
            <Value>"magnitude"</Value>
          </Parameter>
          <Parameter name="PropertyValue">
            <Value>yourVariableHere</Value>
          </Parameter>
        </Driver>
        <Driver name="Dispose">
          <Parameter name="Scalar">
            <Value>&amp;dotACMeasure_SCP1dotMeasurement</Value>
          </Parameter>
          <Parameter name="TypeID">
            <Value>CDOTNET_OBJECT</Value>
          </Parameter>
          <Parameter name="Description">
            <Value>""</Value>
          </Parameter>
        </Driver>
      </Read>
    </Attribute>
    <Run>
      <Driver name="CallMethodInIntReturnObject">
        <Parameter name="ObjectHandle">
          <Value>g_ACMeasure_SCP1</Value>
        </Parameter>
        <Parameter name="MethodName">
          <Value>"get_Out"</Value>
        </Parameter>
        <Parameter name="Param">
          <Value>0</Value>
        </Parameter>
        <Parameter name="ReturnObjectHandle">
          <Value>&amp;dotACMeasure_SCP1dotOut</Value>
        </Parameter>
      </Driver>
      <Driver name="CallMethodInInt">
        <Parameter name="ObjectHandle">
          <Value>dotACMeasure_SCP1dotOut</Value>
        </Parameter>
        <Parameter name="MethodName">
          <Value>"Run"</Value>
        </Parameter>
        <Parameter name="Param">
          <Value>{timeOut}</Value>
        </Parameter>
      </Driver>
      <Driver name="Dispose">
        <Parameter name="Scalar">
          <Value>&amp;dotACMeasure_SCP1dotOut</Value>
        </Parameter>
        <Parameter name="TypeID">
          <Value>CDOTNET_OBJECT</Value>
        </Parameter>
        <Parameter name="Description">
          <Value>""</Value>
        </Parameter>
      </Driver>
      <Driver name=""></Driver>
    </Run>
    <Stop>
      <Driver name="CallMethodInIntReturnObject">
        <Parameter name="ObjectHandle">
          <Value>g_ACMeasure_SCP1</Value>
        </Parameter>
        <Parameter name="MethodName">
          <Value>"get_Out"</Value>
        </Parameter>
        <Parameter name="Param">
          <Value>0</Value>
        </Parameter>
        <Parameter name="ReturnObjectHandle">
          <Value>&amp;dotACMeasure_SCP1dotOut</Value>
        </Parameter>
      </Driver>
      <Driver name="CallMethodInInt">
        <Parameter name="ObjectHandle">
          <Value>dotACMeasure_SCP1dotOut</Value>
        </Parameter>
        <Parameter name="MethodName">
          <Value>"Stop"</Value>
        </Parameter>
        <Parameter name="Param">
          <Value>{timeOut}</Value>
        </Parameter>
      </Driver>
      <Driver name="Dispose">
        <Parameter name="Scalar">
          <Value>&amp;dotACMeasure_SCP1dotOut</Value>
        </Parameter>
        <Parameter name="TypeID">
          <Value>CDOTNET_OBJECT</Value>
        </Parameter>
        <Parameter name="Description">
          <Value>""</Value>
        </Parameter>
      </Driver>
      <Driver name=""></Driver>
    </Stop>
    <Destroy>
      <Driver name="Dispose">
        <Parameter name="Scalar">
          <Value>&amp;g_ACMeasure_SCP1</Value>
        </Parameter>
        <Parameter name="TypeID">
          <Value>CDOTNET_OBJECT</Value>
        </Parameter>
        <Parameter name="Description">
          <Value>""</Value>
        </Parameter>
      </Driver>
      <Driver name=""></Driver>
    </Destroy>
  </Capability>
  <Capability name="ACMeasurePkPk.DMM1">
    <Create>
      <Driver name="CDotNetHandle dotACMeasurePkPk_DMM1dotAcAmplRange"></Driver>
      <Driver name="CDotNetHandle dotACMeasurePkPk_DMM1dotFreq"></Driver>
      <Driver name="CDotNetHandle dotACMeasurePkPk_DMM1dotMeasurement"></Driver>
      <Driver name="CDotNetHandle dotACMeasurePkPk_DMM1dotOut"></Driver>
      <Driver name=""></Driver>
      <Driver name="ResMan_Require">
        <Parameter name="TSFName">
          <Value>"ACMeasurePkPk"</Value>
        </Parameter>
        <Parameter name="UniqueID">
          <Value>"DMM1"</Value>
        </Parameter>
        <Parameter name="TSFInstanceHandle">
          <Value>&amp;g_ACMeasurePkPk_DMM1</Value>
        </Parameter>
      </Driver>
    </Create>
    <Require>
      <Driver name="" />
    </Require>
    <Attribute name="ACMeasurePkPk4.ac_ampl">
      <Write>
        <Driver name="GetObjectProperty">
          <Parameter>
            <Value>g_ACMeasurePkPk_DMM1</Value>
          </Parameter>
          <Parameter>
            <Value>"ac_ampl_range"</Value>
          </Parameter>
          <Parameter>
            <Value>&amp;dotACMeasurePkPk_DMM1dotAcAmplRange</Value>
          </Parameter>
        </Driver>
        <Driver name="SetVariantStringProperty">
          <Parameter>
            <Value>dotACMeasurePkPk_DMM1dotAcAmplRange</Value>
          </Parameter>
          <Parameter>
            <Value>"value"</Value>
          </Parameter>
          <Parameter>
            <Value>"{this.value}"</Value>
          </Parameter>
        </Driver>
        <Driver name="Dispose">
          <Parameter name="Scalar">
            <Value>&amp;dotACMeasurePkPk_DMM1dotAcAmplRange</Value>
          </Parameter>
          <Parameter name="TypeID">
            <Value>CDOTNET_OBJECT</Value>
          </Parameter>
          <Parameter name="Description">
            <Value>""</Value>
          </Parameter>
        </Driver>
        <Driver name=""></Driver>
      </Write>
    </Attribute>
    <Attribute name="ACMeasurePkPk4.freq">
      <Write>
        <Driver name="GetObjectProperty">
          <Parameter>
            <Value>g_ACMeasurePkPk_DMM1</Value>
          </Parameter>
          <Parameter>
            <Value>"freq"</Value>
          </Parameter>
          <Parameter>
            <Value>&amp;dotACMeasurePkPk_DMM1dotFreq</Value>
          </Parameter>
        </Driver>
        <Driver name="SetVariantStringProperty">
          <Parameter>
            <Value>dotACMeasurePkPk_DMM1dotFreq</Value>
          </Parameter>
          <Parameter>
            <Value>"value"</Value>
          </Parameter>
          <Parameter>
            <Value>"{this.value}"</Value>
          </Parameter>
        </Driver>
        <Driver name="Dispose">
          <Parameter name="Scalar">
            <Value>&amp;dotACMeasurePkPk_DMM1dotFreq</Value>
          </Parameter>
          <Parameter name="TypeID">
            <Value>CDOTNET_OBJECT</Value>
          </Parameter>
          <Parameter name="Description">
            <Value>""</Value>
          </Parameter>
        </Driver>
        <Driver name=""></Driver>
      </Write>
    </Attribute>
    <Attribute name="Measure10.measurement">
      <Read>
        <Driver name="GetObjectProperty">
          <Parameter name="ObjectHandle">
            <Value>g_ACMeasurePkPk_DMM1</Value>
          </Parameter>
          <Parameter name="PropertyName">
            <Value>"measurement"</Value>
          </Parameter>
          <Parameter name="ObjectPropertyHandle">
            <Value>&amp;dotACMeasurePkPk_DMM1dotMeasurement</Value>
          </Parameter>
        </Driver>
        <Driver name="GetDoubleProperty">
          <Parameter name="ObjectHandle">
            <Value>dotACMeasurePkPk_DMM1dotMeasurement</Value>
          </Parameter>
          <Parameter name="PropertyName">
            <Value>"magnitude"</Value>
          </Parameter>
          <Parameter name="PropertyValue">
            <Value>yourVariableHere</Value>
          </Parameter>
        </Driver>
        <Driver name="Dispose">
          <Parameter name="Scalar">
            <Value>&amp;dotACMeasurePkPk_DMM1dotMeasurement</Value>
          </Parameter>
          <Parameter name="TypeID">
            <Value>CDOTNET_OBJECT</Value>
          </Parameter>
          <Parameter name="Description">
            <Value>""</Value>
          </Parameter>
        </Driver>
      </Read>
    </Attribute>
    <Run>
      <Driver name="CallMethodInIntReturnObject">
        <Parameter name="ObjectHandle">
          <Value>g_ACMeasurePkPk_DMM1</Value>
        </Parameter>
        <Parameter name="MethodName">
          <Value>"get_Out"</Value>
        </Parameter>
        <Parameter name="Param">
          <Value>0</Value>
        </Parameter>
        <Parameter name="ReturnObjectHandle">
          <Value>&amp;dotACMeasurePkPk_DMM1dotOut</Value>
        </Parameter>
      </Driver>
      <Driver name="CallMethodInInt">
        <Parameter name="ObjectHandle">
          <Value>dotACMeasurePkPk_DMM1dotOut</Value>
        </Parameter>
        <Parameter name="MethodName">
          <Value>"Run"</Value>
        </Parameter>
        <Parameter name="Param">
          <Value>{timeOut}</Value>
        </Parameter>
      </Driver>
      <Driver name="Dispose">
        <Parameter name="Scalar">
          <Value>&amp;dotACMeasurePkPk_DMM1dotOut</Value>
        </Parameter>
        <Parameter name="TypeID">
          <Value>CDOTNET_OBJECT</Value>
        </Parameter>
        <Parameter name="Description">
          <Value>""</Value>
        </Parameter>
      </Driver>
      <Driver name=""></Driver>
    </Run>
    <Stop>
      <Driver name="CallMethodInIntReturnObject">
        <Parameter name="ObjectHandle">
          <Value>g_ACMeasurePkPk_DMM1</Value>
        </Parameter>
        <Parameter name="MethodName">
          <Value>"get_Out"</Value>
        </Parameter>
        <Parameter name="Param">
          <Value>0</Value>
        </Parameter>
        <Parameter name="ReturnObjectHandle">
          <Value>&amp;dotACMeasurePkPk_DMM1dotOut</Value>
        </Parameter>
      </Driver>
      <Driver name="CallMethodInInt">
        <Parameter name="ObjectHandle">
          <Value>dotACMeasurePkPk_DMM1dotOut</Value>
        </Parameter>
        <Parameter name="MethodName">
          <Value>"Stop"</Value>
        </Parameter>
        <Parameter name="Param">
          <Value>{timeOut}</Value>
        </Parameter>
      </Driver>
      <Driver name="Dispose">
        <Parameter name="Scalar">
          <Value>&amp;dotACMeasurePkPk_DMM1dotOut</Value>
        </Parameter>
        <Parameter name="TypeID">
          <Value>CDOTNET_OBJECT</Value>
        </Parameter>
        <Parameter name="Description">
          <Value>""</Value>
        </Parameter>
      </Driver>
      <Driver name=""></Driver>
    </Stop>
    <Destroy>
      <Driver name="Dispose">
        <Parameter name="Scalar">
          <Value>&amp;g_ACMeasurePkPk_DMM1</Value>
        </Parameter>
        <Parameter name="TypeID">
          <Value>CDOTNET_OBJECT</Value>
        </Parameter>
        <Parameter name="Description">
          <Value>""</Value>
        </Parameter>
      </Driver>
      <Driver name=""></Driver>
    </Destroy>
  </Capability>
  <Capability name="ACMeasurePkPk.SCP1">
    <Create>
      <Driver name="CDotNetHandle dotACMeasurePkPk_SCP1dotAcAmplRange"></Driver>
      <Driver name="CDotNetHandle dotACMeasurePkPk_SCP1dotFreq"></Driver>
      <Driver name="CDotNetHandle dotACMeasurePkPk_SCP1dotMeasurement"></Driver>
      <Driver name="CDotNetHandle dotACMeasurePkPk_SCP1dotOut"></Driver>
      <Driver name="ResMan_Require">
        <Parameter name="TSFName">
          <Value>"ACMeasurePkPk"</Value>
        </Parameter>
        <Parameter name="UniqueID">
          <Value>"SCP1"</Value>
        </Parameter>
        <Parameter name="TSFInstanceHandle">
          <Value>&amp;g_ACMeasurePkPk_SCP1</Value>
        </Parameter>
      </Driver>
    </Create>
    <Require>
      <Driver name="" />
    </Require>
    <Attribute name="ACMeasurePkPk4.ac_ampl">
      <Write>
        <Driver name="GetObjectProperty">
          <Parameter>
            <Value>g_ACMeasurePkPk_SCP1</Value>
          </Parameter>
          <Parameter>
            <Value>"ac_ampl_range"</Value>
          </Parameter>
          <Parameter>
            <Value>&amp;dotACMeasurePkPk_SCP1dotAcAmplRange</Value>
          </Parameter>
        </Driver>
        <Driver name="SetVariantStringProperty">
          <Parameter>
            <Value>dotACMeasurePkPk_SCP1dotAcAmplRange</Value>
          </Parameter>
          <Parameter>
            <Value>"value"</Value>
          </Parameter>
          <Parameter>
            <Value>"{this.value}"</Value>
          </Parameter>
        </Driver>
        <Driver name="Dispose">
          <Parameter name="Scalar">
            <Value>&amp;dotACMeasurePkPk_SCP1dotAcAmplRange</Value>
          </Parameter>
          <Parameter name="TypeID">
            <Value>CDOTNET_OBJECT</Value>
          </Parameter>
          <Parameter name="Description">
            <Value>""</Value>
          </Parameter>
        </Driver>
        <Driver name=""></Driver>
      </Write>
    </Attribute>
    <Attribute name="ACMeasurePkPk4.freq">
      <Write>
        <Driver name="GetObjectProperty">
          <Parameter>
            <Value>g_ACMeasurePkPk_SCP1</Value>
          </Parameter>
          <Parameter>
            <Value>"freq"</Value>
          </Parameter>
          <Parameter>
            <Value>&amp;dotACMeasurePkPk_SCP1dotFreq</Value>
          </Parameter>
        </Driver>
        <Driver name="SetVariantStringProperty">
          <Parameter>
            <Value>dotACMeasurePkPk_SCP1dotFreq</Value>
          </Parameter>
          <Parameter>
            <Value>"value"</Value>
          </Parameter>
          <Parameter>
            <Value>"{this.value}"</Value>
          </Parameter>
        </Driver>
        <Driver name="Dispose">
          <Parameter name="Scalar">
            <Value>&amp;dotACMeasurePkPk_SCP1dotFreq</Value>
          </Parameter>
          <Parameter name="TypeID">
            <Value>CDOTNET_OBJECT</Value>
          </Parameter>
          <Parameter name="Description">
            <Value>""</Value>
          </Parameter>
        </Driver>
        <Driver name=""></Driver>
      </Write>
    </Attribute>
    <Attribute name="Measure10.measurement">
      <Read>
        <Driver name="GetObjectProperty">
          <Parameter name="ObjectHandle">
            <Value>g_ACMeasurePkPk_SCP1</Value>
          </Parameter>
          <Parameter name="PropertyName">
            <Value>"measurement"</Value>
          </Parameter>
          <Parameter name="ObjectPropertyHandle">
            <Value>&amp;dotACMeasurePkPk_SCP1dotMeasurement</Value>
          </Parameter>
        </Driver>
        <Driver name="GetDoubleProperty">
          <Parameter name="ObjectHandle">
            <Value>dotACMeasurePkPk_SCP1dotMeasurement</Value>
          </Parameter>
          <Parameter name="PropertyName">
            <Value>"magnitude"</Value>
          </Parameter>
          <Parameter name="PropertyValue">
            <Value>yourVariableHere</Value>
          </Parameter>
        </Driver>
        <Driver name="Dispose">
          <Parameter name="Scalar">
            <Value>&amp;dotACMeasurePkPk_SCP1dotMeasurement</Value>
          </Parameter>
          <Parameter name="TypeID">
            <Value>CDOTNET_OBJECT</Value>
          </Parameter>
          <Parameter name="Description">
            <Value>""</Value>
          </Parameter>
        </Driver>
      </Read>
    </Attribute>
    <Run>
      <Driver name="CallMethodInIntReturnObject">
        <Parameter name="ObjectHandle">
          <Value>g_ACMeasurePkPk_SCP1</Value>
        </Parameter>
        <Parameter name="MethodName">
          <Value>"get_Out"</Value>
        </Parameter>
        <Parameter name="Param">
          <Value>0</Value>
        </Parameter>
        <Parameter name="ReturnObjectHandle">
          <Value>&amp;dotACMeasurePkPk_SCP1dotOut</Value>
        </Parameter>
      </Driver>
      <Driver name="CallMethodInInt">
        <Parameter name="ObjectHandle">
          <Value>dotACMeasurePkPk_SCP1dotOut</Value>
        </Parameter>
        <Parameter name="MethodName">
          <Value>"Run"</Value>
        </Parameter>
        <Parameter name="Param">
          <Value>{timeOut}</Value>
        </Parameter>
      </Driver>
      <Driver name="Dispose">
        <Parameter name="Scalar">
          <Value>&amp;dotACMeasurePkPk_SCP1dotOut</Value>
        </Parameter>
        <Parameter name="TypeID">
          <Value>CDOTNET_OBJECT</Value>
        </Parameter>
        <Parameter name="Description">
          <Value>""</Value>
        </Parameter>
      </Driver>
      <Driver name=""></Driver>
    </Run>
    <Stop>
      <Driver name="CallMethodInIntReturnObject">
        <Parameter name="ObjectHandle">
          <Value>g_ACMeasurePkPk_SCP1</Value>
        </Parameter>
        <Parameter name="MethodName">
          <Value>"get_Out"</Value>
        </Parameter>
        <Parameter name="Param">
          <Value>0</Value>
        </Parameter>
        <Parameter name="ReturnObjectHandle">
          <Value>&amp;dotACMeasurePkPk_SCP1dotOut</Value>
        </Parameter>
      </Driver>
      <Driver name="CallMethodInInt">
        <Parameter name="ObjectHandle">
          <Value>dotACMeasurePkPk_SCP1dotOut</Value>
        </Parameter>
        <Parameter name="MethodName">
          <Value>"Stop"</Value>
        </Parameter>
        <Parameter name="Param">
          <Value>{timeOut}</Value>
        </Parameter>
      </Driver>
      <Driver name="Dispose">
        <Parameter name="Scalar">
          <Value>&amp;dotACMeasurePkPk_SCP1dotOut</Value>
        </Parameter>
        <Parameter name="TypeID">
          <Value>CDOTNET_OBJECT</Value>
        </Parameter>
        <Parameter name="Description">
          <Value>""</Value>
        </Parameter>
      </Driver>
      <Driver name=""></Driver>
    </Stop>
    <Destroy>
      <Driver name="Dispose">
        <Parameter name="Scalar">
          <Value>&amp;g_ACMeasurePkPk_SCP1</Value>
        </Parameter>
        <Parameter name="TypeID">
          <Value>CDOTNET_OBJECT</Value>
        </Parameter>
        <Parameter name="Description">
          <Value>""</Value>
        </Parameter>
      </Driver>
      <Driver name=""></Driver>
    </Destroy>
  </Capability>
  <Capability name="MeasureResistance.DMM1">
    <Create>
      <Driver name="CDotNetHandle dotMeasureResistanceDmm1dotNominal"></Driver>
      <Driver name="CDotNetHandle dotMeasureResistanceDmm1dotMeasurement"></Driver>
      <Driver name="CDotNetHandle dotMeasureResistanceDmm1dotOut"></Driver>
      <Driver name=""></Driver>
      <Driver name="ResMan_Require">
        <Parameter name="TSFName">
          <Value>"MeasureResistance"</Value>
        </Parameter>
        <Parameter name="UniqueID">
          <Value>"DMM1"</Value>
        </Parameter>
        <Parameter name="TSFInstanceHandle">
          <Value>&amp;g_MeasureResistanceDmm1</Value>
        </Parameter>
      </Driver>
    </Create>
    <Require>
      <Driver name="" />
    </Require>
    <Attribute name="Resistance3.nominal" default="0 Ohm">
      <Write>
        <Driver name="GetObjectProperty">
          <Parameter>
            <Value>g_MeasureResistanceDmm1</Value>
          </Parameter>
          <Parameter>
            <Value>"nominal"</Value>
          </Parameter>
          <Parameter>
            <Value>&amp;dotMeasureResistanceDmm1dotNominal</Value>
          </Parameter>
        </Driver>
        <Driver name="SetVariantStringProperty">
          <Parameter>
            <Value>dotMeasureResistanceDmm1dotNominal</Value>
          </Parameter>
          <Parameter>
            <Value>"value"</Value>
          </Parameter>
          <Parameter>
            <Value>"{this.withUnit("kOhm").value}"</Value>
          </Parameter>
        </Driver>
        <Driver name="Dispose">
          <Parameter name="Scalar">
            <Value>&amp;dotMeasureResistanceDmm1dotNominal</Value>
          </Parameter>
          <Parameter name="TypeID">
            <Value>CDOTNET_OBJECT</Value>
          </Parameter>
          <Parameter name="Description">
            <Value>""</Value>
          </Parameter>
        </Driver>
        <Driver name=""></Driver>
      </Write>
    </Attribute>
    <Attribute name="Resistance3.measurement">
      <Read>
        <Driver name="GetObjectProperty">
          <Parameter name="ObjectHandle">
            <Value>g_MeasureResistanceDmm1</Value>
          </Parameter>
          <Parameter name="PropertyName">
            <Value>"measurement"</Value>
          </Parameter>
          <Parameter name="ObjectPropertyHandle">
            <Value>&amp;dotMeasureResistanceDmm1dotMeasurement</Value>
          </Parameter>
        </Driver>
        <Driver name="GetDoubleProperty">
          <Parameter name="ObjectHandle">
            <Value>dotMeasureResistanceDmm1dotMeasurement</Value>
          </Parameter>
          <Parameter name="PropertyName">
            <Value>"magnitude"</Value>
          </Parameter>
          <Parameter name="PropertyValue">
            <Value>yourVariableHere</Value>
          </Parameter>
        </Driver>
        <Driver name="Dispose">
          <Parameter name="Scalar">
            <Value>&amp;dotMeasureResistanceDmm1dotMeasurement</Value>
          </Parameter>
          <Parameter name="TypeID">
            <Value>CDOTNET_OBJECT</Value>
          </Parameter>
          <Parameter name="Description">
            <Value>""</Value>
          </Parameter>
        </Driver>
      </Read>
    </Attribute>
    <Run>
      <Driver name="CallMethodInIntReturnObject">
        <Parameter name="ObjectHandle">
          <Value>g_MeasureResistanceDmm1</Value>
        </Parameter>
        <Parameter name="MethodName">
          <Value>"get_Out"</Value>
        </Parameter>
        <Parameter name="Param">
          <Value>0</Value>
        </Parameter>
        <Parameter name="ReturnObjectHandle">
          <Value>&amp;dotMeasureResistanceDmm1dotOut</Value>
        </Parameter>
      </Driver>
      <Driver name="CallMethodInInt">
        <Parameter name="ObjectHandle">
          <Value>dotMeasureResistanceDmm1dotOut</Value>
        </Parameter>
        <Parameter name="MethodName">
          <Value>"Run"</Value>
        </Parameter>
        <Parameter name="Param">
          <Value>{timeOut}</Value>
        </Parameter>
      </Driver>
      <Driver name="Dispose">
        <Parameter name="Scalar">
          <Value>&amp;dotMeasureResistanceDmm1dotOut</Value>
        </Parameter>
        <Parameter name="TypeID">
          <Value>CDOTNET_OBJECT</Value>
        </Parameter>
        <Parameter name="Description">
          <Value>""</Value>
        </Parameter>
      </Driver>
      <Driver name=""></Driver>
    </Run>
    <Stop>
      <Driver name="CallMethodInIntReturnObject">
        <Parameter name="ObjectHandle">
          <Value>g_MeasureResistanceDmm1</Value>
        </Parameter>
        <Parameter name="MethodName">
          <Value>"get_Out"</Value>
        </Parameter>
        <Parameter name="Param">
          <Value>0</Value>
        </Parameter>
        <Parameter name="ReturnObjectHandle">
          <Value>&amp;dotMeasureResistanceDmm1dotOut</Value>
        </Parameter>
      </Driver>
      <Driver name="CallMethodInInt">
        <Parameter name="ObjectHandle">
          <Value>dotMeasureResistanceDmm1dotOut</Value>
        </Parameter>
        <Parameter name="MethodName">
          <Value>"Stop"</Value>
        </Parameter>
        <Parameter name="Param">
          <Value>{timeOut}</Value>
        </Parameter>
      </Driver>
      <Driver name="Dispose">
        <Parameter name="Scalar">
          <Value>&amp;dotMeasureResistanceDmm1dotOut</Value>
        </Parameter>
        <Parameter name="TypeID">
          <Value>CDOTNET_OBJECT</Value>
        </Parameter>
        <Parameter name="Description">
          <Value>""</Value>
        </Parameter>
      </Driver>
      <Driver name=""></Driver>
    </Stop>
    <Destroy>
      <Driver name="Dispose">
        <Parameter name="Scalar">
          <Value>&amp;g_MeasureResistanceDmm1</Value>
        </Parameter>
        <Parameter name="TypeID">
          <Value>CDOTNET_OBJECT</Value>
        </Parameter>
        <Parameter name="Description">
          <Value>""</Value>
        </Parameter>
      </Driver>
      <Driver name=""></Driver>
    </Destroy>
  </Capability>
  <Capability name="DCVoltage.DMM1">
    <Create>
      <Driver name="CDotNetHandle dotDCVoltage_Dmm1dotDcRange"></Driver>
      <Driver name="CDotNetHandle dotDCVoltage_Dmm1dotMeasurement"></Driver>
      <Driver name="CDotNetHandle dotDCVoltage_Dmm1dotOut"></Driver>
      <Driver name="ResMan_Require">
        <Parameter name="TSFName">
          <Value>"DCVoltage"</Value>
        </Parameter>
        <Parameter name="UniqueID">
          <Value>"DMM1"</Value>
        </Parameter>
        <Parameter name="TSFInstanceHandle">
          <Value>&amp;g_DCVoltage_Dmm1</Value>
        </Parameter>
      </Driver>
    </Create>
    <Require>
      <Driver name="" />
    </Require>
    <Attribute name="DCVoltage3.dc_ampl">
      <Write>
        <Driver name="GetObjectProperty">
          <Parameter name="ObjectHandle">
            <Value>g_DCVoltage_Dmm1</Value>
          </Parameter>
          <Parameter name="PropertyName">
            <Value>"dc_range"</Value>
          </Parameter>
          <Parameter name="ObjectPropertyHandle">
            <Value>&amp;dotDCVoltage_Dmm1dotDcRange</Value>
          </Parameter>
        </Driver>
        <Driver name="SetVariantStringProperty">
          <Parameter name="ObjectHandle">
            <Value>dotDCVoltage_Dmm1dotDcRange</Value>
          </Parameter>
          <Parameter name="PropertyName">
            <Value>"value"</Value>
          </Parameter>
          <Parameter name="PropertyValue">
            <Value>"{this.value}"</Value>
          </Parameter>
        </Driver>
        <Driver name="Dispose">
          <Parameter name="Scalar">
            <Value>&amp;dotDCVoltage_Dmm1dotDcRange</Value>
          </Parameter>
          <Parameter name="TypeID">
            <Value>CDOTNET_OBJECT</Value>
          </Parameter>
          <Parameter name="Description">
            <Value>""</Value>
          </Parameter>
        </Driver>
      </Write>
    </Attribute>
    <Attribute name="Measure11.measurement">
      <Read>
        <Driver name="GetObjectProperty">
          <Parameter name="ObjectHandle">
            <Value>g_DCVoltage_Dmm1</Value>
          </Parameter>
          <Parameter name="PropertyName">
            <Value>"measurement"</Value>
          </Parameter>
          <Parameter name="ObjectPropertyHandle">
            <Value>&amp;dotDCVoltage_Dmm1dotMeasurement</Value>
          </Parameter>
        </Driver>
        <Driver name="GetDoubleProperty">
          <Parameter name="ObjectHandle">
            <Value>dotDCVoltage_Dmm1dotMeasurement</Value>
          </Parameter>
          <Parameter name="PropertyName">
            <Value>"magnitude"</Value>
          </Parameter>
          <Parameter name="PropertyValue">
            <Value>yourVariableHere</Value>
          </Parameter>
        </Driver>
        <Driver name="Dispose">
          <Parameter name="Scalar">
            <Value>&amp;dotDCVoltage_Dmm1dotMeasurement</Value>
          </Parameter>
          <Parameter name="TypeID">
            <Value>CDOTNET_OBJECT</Value>
          </Parameter>
          <Parameter name="Description">
            <Value>""</Value>
          </Parameter>
        </Driver>
      </Read>
    </Attribute>
    <Run>
      <Driver name="CallMethodInIntReturnObject">
        <Parameter name="ObjectHandle">
          <Value>g_DCVoltage_Dmm1</Value>
        </Parameter>
        <Parameter name="MethodName">
          <Value>"get_Out"</Value>
        </Parameter>
        <Parameter name="Param">
          <Value>0</Value>
        </Parameter>
        <Parameter name="ReturnObjectHandle">
          <Value>&amp;dotDCVoltage_Dmm1dotOut</Value>
        </Parameter>
      </Driver>
      <Driver name="CallMethodInInt">
        <Parameter name="ObjectHandle">
          <Value>dotDCVoltage_Dmm1dotOut</Value>
        </Parameter>
        <Parameter name="MethodName">
          <Value>"Run"</Value>
        </Parameter>
        <Parameter name="Param">
          <Value>{timeOut}</Value>
        </Parameter>
      </Driver>
      <Driver name="Dispose">
        <Parameter name="Scalar">
          <Value>&amp;dotDCVoltage_Dmm1dotOut</Value>
        </Parameter>
        <Parameter name="TypeID">
          <Value>CDOTNET_OBJECT</Value>
        </Parameter>
        <Parameter name="Description">
          <Value>""</Value>
        </Parameter>
      </Driver>
      <Driver name=""></Driver>
    </Run>
    <Stop>
      <Driver name="CallMethodInIntReturnObject">
        <Parameter name="ObjectHandle">
          <Value>g_DCVoltage_Dmm1</Value>
        </Parameter>
        <Parameter name="MethodName">
          <Value>"get_Out"</Value>
        </Parameter>
        <Parameter name="Param">
          <Value>0</Value>
        </Parameter>
        <Parameter name="ReturnObjectHandle">
          <Value>&amp;dotDCVoltage_Dmm1dotOut</Value>
        </Parameter>
      </Driver>
      <Driver name="CallMethodInInt">
        <Parameter name="ObjectHandle">
          <Value>dotDCVoltage_Dmm1dotOut</Value>
        </Parameter>
        <Parameter name="MethodName">
          <Value>"Stop"</Value>
        </Parameter>
        <Parameter name="Param">
          <Value>{timeOut}</Value>
        </Parameter>
      </Driver>
      <Driver name="Dispose">
        <Parameter name="Scalar">
          <Value>&amp;dotDCVoltage_Dmm1dotOut</Value>
        </Parameter>
        <Parameter name="TypeID">
          <Value>CDOTNET_OBJECT</Value>
        </Parameter>
        <Parameter name="Description">
          <Value>""</Value>
        </Parameter>
      </Driver>
      <Driver name=""></Driver>
    </Stop>
    <Destroy>
      <Driver name="Dispose">
        <Parameter name="Scalar">
          <Value>&amp;g_DCVoltage_Dmm1</Value>
        </Parameter>
        <Parameter name="TypeID">
          <Value>CDOTNET_OBJECT</Value>
        </Parameter>
        <Parameter name="Description">
          <Value>""</Value>
        </Parameter>
      </Driver>
      <Driver name=""></Driver>
    </Destroy>
  </Capability>
  <Capability name="DCVoltage.SCP1">
    <Create>
      <Driver name="CDotNetHandle dotDCVoltage_SCP1dotDcRange"></Driver>
      <Driver name="CDotNetHandle dotDCVoltage_SCP1dotMeasurement"></Driver>
      <Driver name="CDotNetHandle dotDCVoltage_SCP1dotOut"></Driver>
      <Driver name="ResMan_Require">
        <Parameter name="TSFName">
          <Value>"DCVoltage"</Value>
        </Parameter>
        <Parameter name="UniqueID">
          <Value>"SCP1"</Value>
        </Parameter>
        <Parameter name="TSFInstanceHandle">
          <Value>&amp;g_DCVoltage_SCP1</Value>
        </Parameter>
      </Driver>
    </Create>
    <Require>
      <Driver name="" />
    </Require>
    <Attribute name="DCVoltage3.dc_ampl">
      <Write>
        <Driver name="GetObjectProperty">
          <Parameter name="ObjectHandle">
            <Value>g_DCVoltage_SCP1</Value>
          </Parameter>
          <Parameter name="PropertyName">
            <Value>"dc_range"</Value>
          </Parameter>
          <Parameter name="ObjectPropertyHandle">
            <Value>&amp;dotDCVoltage_SCP1dotDcRange</Value>
          </Parameter>
        </Driver>
        <Driver name="SetVariantStringProperty">
          <Parameter name="ObjectHandle">
            <Value>dotDCVoltage_SCP1dotDcRange</Value>
          </Parameter>
          <Parameter name="PropertyName">
            <Value>"value"</Value>
          </Parameter>
          <Parameter name="PropertyValue">
            <Value>"{this.value}"</Value>
          </Parameter>
        </Driver>
        <Driver name="Dispose">
          <Parameter name="Scalar">
            <Value>&amp;dotDCVoltage_SCP1dotDcRange</Value>
          </Parameter>
          <Parameter name="TypeID">
            <Value>CDOTNET_OBJECT</Value>
          </Parameter>
          <Parameter name="Description">
            <Value>""</Value>
          </Parameter>
        </Driver>
      </Write>
    </Attribute>
    <Attribute name="Measure11.measurement">
      <Read>
        <Driver name="GetObjectProperty">
          <Parameter name="ObjectHandle">
            <Value>g_DCVoltage_SCP1</Value>
          </Parameter>
          <Parameter name="PropertyName">
            <Value>"measurement"</Value>
          </Parameter>
          <Parameter name="ObjectPropertyHandle">
            <Value>&amp;dotDCVoltage_SCP1dotMeasurement</Value>
          </Parameter>
        </Driver>
        <Driver name="GetDoubleProperty">
          <Parameter name="ObjectHandle">
            <Value>dotDCVoltage_SCP1dotMeasurement</Value>
          </Parameter>
          <Parameter name="PropertyName">
            <Value>"magnitude"</Value>
          </Parameter>
          <Parameter name="PropertyValue">
            <Value>yourVariableHere</Value>
          </Parameter>
        </Driver>
        <Driver name="Dispose">
          <Parameter name="Scalar">
            <Value>&amp;dotDCVoltage_SCP1dotMeasurement</Value>
          </Parameter>
          <Parameter name="TypeID">
            <Value>CDOTNET_OBJECT</Value>
          </Parameter>
          <Parameter name="Description">
            <Value>""</Value>
          </Parameter>
        </Driver>
      </Read>
    </Attribute>
    <Run>
      <Driver name="CallMethodInIntReturnObject">
        <Parameter name="ObjectHandle">
          <Value>g_DCVoltage_SCP1</Value>
        </Parameter>
        <Parameter name="MethodName">
          <Value>"get_Out"</Value>
        </Parameter>
        <Parameter name="Param">
          <Value>0</Value>
        </Parameter>
        <Parameter name="ReturnObjectHandle">
          <Value>&amp;dotDCVoltage_SCP1dotOut</Value>
        </Parameter>
      </Driver>
      <Driver name="CallMethodInInt">
        <Parameter name="ObjectHandle">
          <Value>dotDCVoltage_SCP1dotOut</Value>
        </Parameter>
        <Parameter name="MethodName">
          <Value>"Run"</Value>
        </Parameter>
        <Parameter name="Param">
          <Value>{timeOut}</Value>
        </Parameter>
      </Driver>
      <Driver name="Dispose">
        <Parameter name="Scalar">
          <Value>&amp;dotDCVoltage_SCP1dotOut</Value>
        </Parameter>
        <Parameter name="TypeID">
          <Value>CDOTNET_OBJECT</Value>
        </Parameter>
        <Parameter name="Description">
          <Value>""</Value>
        </Parameter>
      </Driver>
      <Driver name=""></Driver>
    </Run>
    <Stop>
      <Driver name="CallMethodInIntReturnObject">
        <Parameter name="ObjectHandle">
          <Value>g_DCVoltage_SCP1</Value>
        </Parameter>
        <Parameter name="MethodName">
          <Value>"get_Out"</Value>
        </Parameter>
        <Parameter name="Param">
          <Value>0</Value>
        </Parameter>
        <Parameter name="ReturnObjectHandle">
          <Value>&amp;dotDCVoltage_SCP1dotOut</Value>
        </Parameter>
      </Driver>
      <Driver name="CallMethodInInt">
        <Parameter name="ObjectHandle">
          <Value>dotDCVoltage_SCP1dotOut</Value>
        </Parameter>
        <Parameter name="MethodName">
          <Value>"Stop"</Value>
        </Parameter>
        <Parameter name="Param">
          <Value>{timeOut}</Value>
        </Parameter>
      </Driver>
      <Driver name="Dispose">
        <Parameter name="Scalar">
          <Value>&amp;dotDCVoltage_SCP1dotOut</Value>
        </Parameter>
        <Parameter name="TypeID">
          <Value>CDOTNET_OBJECT</Value>
        </Parameter>
        <Parameter name="Description">
          <Value>""</Value>
        </Parameter>
      </Driver>
      <Driver name=""></Driver>
    </Stop>
    <Destroy>
      <Driver name="Dispose">
        <Parameter name="Scalar">
          <Value>&amp;g_DCVoltage_SCP1</Value>
        </Parameter>
        <Parameter name="TypeID">
          <Value>CDOTNET_OBJECT</Value>
        </Parameter>
        <Parameter name="Description">
          <Value>""</Value>
        </Parameter>
      </Driver>
      <Driver name=""></Driver>
    </Destroy>
  </Capability>
  <Capability name="ACSignal.AWG1">
    <Create>
      <Driver name="CDotNetHandle dotACSignal_AWG1dotAmplitude"></Driver>
      <Driver name="CDotNetHandle dotACSignal_AWG1dotFrequency"></Driver>
      <Driver name="CDotNetHandle dotACSignal_AWG1dotOut"></Driver>
      <Driver name=""></Driver>
      <Driver name="ResMan_Require">
        <Parameter name="TSFName">
          <Value>"ACSignal"</Value>
        </Parameter>
        <Parameter name="UniqueID">
          <Value>"AWG1"</Value>
        </Parameter>
        <Parameter name="TSFInstanceHandle">
          <Value>&amp;g_ACSignal_AWG1</Value>
        </Parameter>
      </Driver>
    </Create>
    <Require>
      <Driver name="" />
    </Require>
    <Attribute name="ACSignal4.ac_ampl">
      <Write>
        <Driver name="GetObjectProperty">
          <Parameter name="ObjectHandle">
            <Value>g_ACSignal_AWG1</Value>
          </Parameter>
          <Parameter name="PropertyName">
            <Value>"amplitude"</Value>
          </Parameter>
          <Parameter name="ObjectPropertyHandle">
            <Value>&amp;dotACSignal_AWG1dotAmplitude</Value>
          </Parameter>
        </Driver>
        <Driver name="SetVariantStringProperty">
          <Parameter name="ObjectHandle">
            <Value>dotACSignal_AWG1dotAmplitude</Value>
          </Parameter>
          <Parameter name="PropertyName">
            <Value>"value"</Value>
          </Parameter>
          <Parameter name="PropertyValue">
            <Value>"{IIf(0=this.magnitude, "yourVariableHere", this.value)}"</Value>
          </Parameter>
        </Driver>
        <Driver name="Dispose">
          <Parameter name="Scalar">
            <Value>&amp;dotACSignal_AWG1dotAmplitude</Value>
          </Parameter>
          <Parameter name="TypeID">
            <Value>CDOTNET_OBJECT</Value>
          </Parameter>
          <Parameter name="Description">
            <Value>""</Value>
          </Parameter>
        </Driver>
        <Driver name=""></Driver>
      </Write>
    </Attribute>
    <Attribute name="ACSignal4.freq">
      <Write>
        <Driver name="GetObjectProperty">
          <Parameter name="ObjectHandle">
            <Value>g_ACSignal_AWG1</Value>
          </Parameter>
          <Parameter name="PropertyName">
            <Value>"frequency"</Value>
          </Parameter>
          <Parameter name="ObjectPropertyHandle">
            <Value>&amp;dotACSignal_AWG1dotFrequency</Value>
          </Parameter>
        </Driver>
        <Driver name="SetVariantStringProperty">
          <Parameter name="ObjectHandle">
            <Value>dotACSignal_AWG1dotFrequency</Value>
          </Parameter>
          <Parameter name="PropertyName">
            <Value>"value"</Value>
          </Parameter>
          <Parameter name="PropertyValue">
            <Value>"{IIf(0=this.magnitude, "yourVariableHere", this.value)}"</Value>
          </Parameter>
        </Driver>
        <Driver name="Dispose">
          <Parameter name="Scalar">
            <Value>&amp;dotACSignal_AWG1dotFrequency</Value>
          </Parameter>
          <Parameter name="TypeID">
            <Value>CDOTNET_OBJECT</Value>
          </Parameter>
          <Parameter name="Description">
            <Value>""</Value>
          </Parameter>
        </Driver>
        <Driver name=""></Driver>
      </Write>
    </Attribute>
    <Run>
      <Driver name="CallMethodInIntReturnObject">
        <Parameter name="ObjectHandle">
          <Value>g_ACSignal_AWG1</Value>
        </Parameter>
        <Parameter name="MethodName">
          <Value>"get_Out"</Value>
        </Parameter>
        <Parameter name="Param">
          <Value>0</Value>
        </Parameter>
        <Parameter name="ReturnObjectHandle">
          <Value>&amp;dotACSignal_AWG1dotOut</Value>
        </Parameter>
      </Driver>
      <Driver name="CallMethodInInt">
        <Parameter name="ObjectHandle">
          <Value>dotACSignal_AWG1dotOut</Value>
        </Parameter>
        <Parameter name="MethodName">
          <Value>"Run"</Value>
        </Parameter>
        <Parameter name="Param">
          <Value>{timeOut}</Value>
        </Parameter>
      </Driver>
      <Driver name="Dispose">
        <Parameter name="Scalar">
          <Value>&amp;dotACSignal_AWG1dotOut</Value>
        </Parameter>
        <Parameter name="TypeID">
          <Value>CDOTNET_OBJECT</Value>
        </Parameter>
        <Parameter name="Description">
          <Value>""</Value>
        </Parameter>
      </Driver>
      <Driver name=""></Driver>
    </Run>
    <Change>
      <Driver name="CallMethodInIntReturnObject">
        <Parameter name="TSF Handle">
          <Value>g_ACSignal_AWG1</Value>
        </Parameter>
        <Parameter name="method name">
          <Value>"get_Out"</Value>
        </Parameter>
        <Parameter name="method input parameter">
          <Value>0</Value>
        </Parameter>
        <Parameter name="method result">
          <Value>&amp;dotACSignal_AWG1dotOut</Value>
        </Parameter>
      </Driver>
      <Driver name="CallMethodInInt">
        <Parameter name="Object handle">
          <Value>dotACSignal_AWG1dotOut</Value>
        </Parameter>
        <Parameter name="Method name">
          <Value>"Change"</Value>
        </Parameter>
        <Parameter name="Method parameter">
          <Value>{timeOut}</Value>
        </Parameter>
      </Driver>
      <Driver name="Dispose">
        <Parameter name="Scalar">
          <Value>&amp;dotACSignal_AWG1dotOut</Value>
        </Parameter>
        <Parameter name="TypeID">
          <Value>CDOTNET_OBJECT</Value>
        </Parameter>
        <Parameter name="Description">
          <Value>""</Value>
        </Parameter>
      </Driver>
      <Driver name=""></Driver>
    </Change>
    <Stop>
      <Driver name="CallMethodInIntReturnObject">
        <Parameter name="ObjectHandle">
          <Value>g_ACSignal_AWG1</Value>
        </Parameter>
        <Parameter name="MethodName">
          <Value>"get_Out"</Value>
        </Parameter>
        <Parameter name="Param">
          <Value>0</Value>
        </Parameter>
        <Parameter name="ReturnObjectHandle">
          <Value>&amp;dotACSignal_AWG1dotOut</Value>
        </Parameter>
      </Driver>
      <Driver name="CallMethodInInt">
        <Parameter name="ObjectHandle">
          <Value>dotACSignal_AWG1dotOut</Value>
        </Parameter>
        <Parameter name="MethodName">
          <Value>"Stop"</Value>
        </Parameter>
        <Parameter name="Param">
          <Value>{timeOut}</Value>
        </Parameter>
      </Driver>
      <Driver name="Dispose">
        <Parameter name="Scalar">
          <Value>&amp;dotACSignal_AWG1dotOut</Value>
        </Parameter>
        <Parameter name="TypeID">
          <Value>CDOTNET_OBJECT</Value>
        </Parameter>
        <Parameter name="Description">
          <Value>""</Value>
        </Parameter>
      </Driver>
      <Driver name=""></Driver>
    </Stop>
    <Destroy>
      <Driver name="Dispose">
        <Parameter name="Scalar">
          <Value>&amp;g_ACSignal_AWG1</Value>
        </Parameter>
        <Parameter name="TypeID">
          <Value>CDOTNET_OBJECT</Value>
        </Parameter>
        <Parameter name="Description">
          <Value>""</Value>
        </Parameter>
      </Driver>
      <Driver name=""></Driver>
    </Destroy>
  </Capability>
  <Capability name="DC.DCPS1">
    <Create>
      <Driver name="CDotNetHandle dotDC_DCPS1dotDcAmpl"></Driver>
      <Driver name="CDotNetHandle dotDC_DCPS1dotOut"></Driver>
      <Driver name="ResMan_Require">
        <Parameter name="TSFName">
          <Value>"DC"</Value>
        </Parameter>
        <Parameter name="UniqueID">
          <Value>"DCPS1"</Value>
        </Parameter>
        <Parameter name="TSFInstanceHandle">
          <Value>&amp;g_DC_DCPS1</Value>
        </Parameter>
      </Driver>
    </Create>
    <Require>
      <Driver name="" />
    </Require>
    <Attribute name="DC3.dc_ampl">
      <Write>
        <Driver name="GetObjectProperty">
          <Parameter name="ObjectHandle">
            <Value>g_DC_DCPS1</Value>
          </Parameter>
          <Parameter name="PropertyName">
            <Value>"dc_ampl"</Value>
          </Parameter>
          <Parameter name="ObjectPropertyHandle">
            <Value>&amp;dotDC_DCPS1dotDcAmpl</Value>
          </Parameter>
        </Driver>
        <Driver name="SetVariantStringProperty">
          <Parameter name="ObjectHandle">
            <Value>dotDC_DCPS1dotDcAmpl</Value>
          </Parameter>
          <Parameter name="PropertyName">
            <Value>"value"</Value>
          </Parameter>
          <Parameter name="PropertyValue">
            <Value>"{this.value}"</Value>
          </Parameter>
        </Driver>
        <Driver name="Dispose">
          <Parameter name="Scalar">
            <Value>&amp;dotDC_DCPS1dotDcAmpl</Value>
          </Parameter>
          <Parameter name="TypeID">
            <Value>CDOTNET_OBJECT</Value>
          </Parameter>
          <Parameter name="Description">
            <Value>""</Value>
          </Parameter>
        </Driver>
        <Driver name=""></Driver>
      </Write>
    </Attribute>
    <Run>
      <Driver name="CallMethodInIntReturnObject">
        <Parameter name="ObjectHandle">
          <Value>g_DC_DCPS1</Value>
        </Parameter>
        <Parameter name="MethodName">
          <Value>"get_Out"</Value>
        </Parameter>
        <Parameter name="Param">
          <Value>0</Value>
        </Parameter>
        <Parameter name="ReturnObjectHandle">
          <Value>&amp;dotDC_DCPS1dotOut</Value>
        </Parameter>
      </Driver>
      <Driver name="CallMethodInInt">
        <Parameter name="ObjectHandle">
          <Value>dotDC_DCPS1dotOut</Value>
        </Parameter>
        <Parameter name="MethodName">
          <Value>"Run"</Value>
        </Parameter>
        <Parameter name="Param">
          <Value>{timeOut}</Value>
        </Parameter>
      </Driver>
      <Driver name="Dispose">
        <Parameter name="Scalar">
          <Value>&amp;dotDC_DCPS1dotOut</Value>
        </Parameter>
        <Parameter name="TypeID">
          <Value>CDOTNET_OBJECT</Value>
        </Parameter>
        <Parameter name="Description">
          <Value>""</Value>
        </Parameter>
      </Driver>
      <Driver name=""></Driver>
    </Run>
    <Stop>
      <Driver name="{"></Driver>
      <Driver name="CDotNetHandle dotOut"></Driver>
      <Driver name="CallMethodInIntReturnObject">
        <Parameter name="ObjectHandle">
          <Value>g_DC_DCPS1</Value>
        </Parameter>
        <Parameter name="MethodName">
          <Value>"get_Out"</Value>
        </Parameter>
        <Parameter name="Param">
          <Value>0</Value>
        </Parameter>
        <Parameter name="ReturnObjectHandle">
          <Value>&amp;dotOut</Value>
        </Parameter>
      </Driver>
      <Driver name="CallMethodInInt">
        <Parameter name="ObjectHandle">
          <Value>dotOut</Value>
        </Parameter>
        <Parameter name="MethodName">
          <Value>"Stop"</Value>
        </Parameter>
        <Parameter name="Param">
          <Value>{timeOut}</Value>
        </Parameter>
      </Driver>
      <Driver name="Dispose">
        <Parameter name="Scalar">
          <Value>&amp;dotOut</Value>
        </Parameter>
        <Parameter name="TypeID">
          <Value>CDOTNET_OBJECT</Value>
        </Parameter>
        <Parameter name="Description">
          <Value>""</Value>
        </Parameter>
      </Driver>
      <Driver name="}"></Driver>
    </Stop>
    <Destroy>
      <Driver name="Dispose">
        <Parameter name="Scalar">
          <Value>&amp;g_DC_DCPS1</Value>
        </Parameter>
        <Parameter name="TypeID">
          <Value>CDOTNET_OBJECT</Value>
        </Parameter>
        <Parameter name="Description">
          <Value>""</Value>
        </Parameter>
      </Driver>
    </Destroy>
  </Capability>
</CapabilityDriverDescription>