<?xml version="1.0" encoding="utf-8"?>
<!-- edited with XMLSpy v2006 rel. 3 sp2 (http://www.altova.com) by Ronald Taylor (STS) -->
<ts:TestStationDescription uuid="936B679B-4601-496a-8B54-A9AA65AA47F9" xmlns:ts="urn:IEEE-1671.6:2013:TestStationDescription" xmlns:te="urn:IEEE-1671:2010:TestEquipment" xmlns:hc="urn:IEEE-1671:2010:HardwareCommon" xmlns:c="urn:IEEE-1671:2010:Common" xmlns:xsi="http://www.w3.org/2001/XMLSchema-instance" xsi:schemaLocation="urn:IEEE-1671.6:2013:TestStationDescription TestStationDescription.xsd urn:IEEE-1641:2010:STDBSC STDBSC.xsd urn:IEEE-1641:2010:STDTSFLib STDTSFLib.xsd ATMLDemoRTCASSLib ATMLDemoRTCASSLib.xsd OnedBCompressionTest OneDBCompressionTest.xsd">
	<c:Identification>
		<c:ModelName>RT CASS IP</c:ModelName>
		<c:IdentificationNumbers>
			<c:IdentificationNumber type="Part" number="11222112" qualifier="Vendor"></c:IdentificationNumber>
		</c:IdentificationNumbers>
		<c:Manufacturers>
			<c:Manufacturer name="Lockheed Martin">
				<c:MailingAddress>
					<c:Address1>12506 Lake Underhill</c:Address1>
					<c:City>Orlando</c:City>
					<c:State>FL</c:State>
					<c:Country>USA</c:Country>
					<c:PostalCode>32825</c:PostalCode>
				</c:MailingAddress>
			</c:Manufacturer>
		</c:Manufacturers>
		<c:Version>IP</c:Version>
	</c:Identification>
	<hc:Interface>
		<c:Ports>
			<c:Port name="DMM_MEAS">
				<c:ConnectorPins>
					<c:ConnectorPin connectorID="J3" pinID="1A"></c:ConnectorPin>
					<c:ConnectorPin connectorID="J3" pinID="1B"></c:ConnectorPin>
				</c:ConnectorPins>
			</c:Port>
			<c:Port name="DMM_4W">
				<c:ConnectorPins>
					<c:ConnectorPin connectorID="J3" pinID="1A"></c:ConnectorPin>
					<c:ConnectorPin connectorID="J3" pinID="1B"></c:ConnectorPin>
					<c:ConnectorPin connectorID="J3" pinID="2A"></c:ConnectorPin>
					<c:ConnectorPin connectorID="J3" pinID="2B"></c:ConnectorPin>
				</c:ConnectorPins>
			</c:Port>
			<c:Port name="DMM_Shield">
				<c:ConnectorPins>
					<c:ConnectorPin connectorID="J3" pinID="3B"></c:ConnectorPin>
				</c:ConnectorPins>
			</c:Port>
			<c:Port name="Single_Point_GND">
				<c:ConnectorPins>
					<c:ConnectorPin connectorID="J1" pinID="1B"></c:ConnectorPin>
				</c:ConnectorPins>
			</c:Port>
			<c:Port name="LF_SW1_Com">
				<c:ConnectorPins>
					<c:ConnectorPin connectorID="J9" pinID="1A"></c:ConnectorPin>
				</c:ConnectorPins>
			</c:Port>
			<c:Port name="LF_SW1_NO1">
				<c:ConnectorPins>
					<c:ConnectorPin connectorID="J9" pinID="3A"></c:ConnectorPin>
				</c:ConnectorPins>
			</c:Port>
			<c:Port name="LF_SW2_Com">
				<c:ConnectorPins>
					<c:ConnectorPin connectorID="J9" pinID="1B"></c:ConnectorPin>
				</c:ConnectorPins>
			</c:Port>
			<c:Port name="LF_SW2_NC1">
				<c:ConnectorPins>
					<c:ConnectorPin connectorID="J9" pinID="2B"></c:ConnectorPin>
				</c:ConnectorPins>
			</c:Port>
			<c:Port name="LF_SW2_NO1">
				<c:ConnectorPins>
					<c:ConnectorPin connectorID="J9" pinID="3B"></c:ConnectorPin>
				</c:ConnectorPins>
			</c:Port>
			<c:Port name="LF_SW2_NO2">
				<c:ConnectorPins>
					<c:ConnectorPin connectorID="J9" pinID="5B"></c:ConnectorPin>
				</c:ConnectorPins>
			</c:Port>
			<c:Port name="LF_SW3_Com">
				<c:ConnectorPins>
					<c:ConnectorPin connectorID="J9" pinID="1C"></c:ConnectorPin>
				</c:ConnectorPins>
			</c:Port>
			<c:Port name="LF_SW3_NC1">
				<c:ConnectorPins>
					<c:ConnectorPin connectorID="J9" pinID="2C"></c:ConnectorPin>
				</c:ConnectorPins>
			</c:Port>
			<c:Port name="LF_SW3_NO1">
				<c:ConnectorPins>
					<c:ConnectorPin connectorID="J9" pinID="3C"></c:ConnectorPin>
				</c:ConnectorPins>
			</c:Port>
			<c:Port name="LF_SW3_NO2">
				<c:ConnectorPins>
					<c:ConnectorPin connectorID="J9" pinID="5C"></c:ConnectorPin>
				</c:ConnectorPins>
			</c:Port>
			<c:Port name="LF_SW4_Com">
				<c:ConnectorPins>
					<c:ConnectorPin connectorID="J9" pinID="6A"></c:ConnectorPin>
				</c:ConnectorPins>
			</c:Port>
			<c:Port name="LF_SW4_NO1">
				<c:ConnectorPins>
					<c:ConnectorPin connectorID="J9" pinID="8A"></c:ConnectorPin>
				</c:ConnectorPins>
			</c:Port>
			<c:Port name="LF_SW4_NO2">
				<c:ConnectorPins>
					<c:ConnectorPin connectorID="J9" pinID="10A"></c:ConnectorPin>
				</c:ConnectorPins>
			</c:Port>
			<c:Port name="SCP1_Channel1">
				<c:ConnectorPins>
					<c:ConnectorPin connectorID="J2" pinID="2B"></c:ConnectorPin>
				</c:ConnectorPins>
			</c:Port>
			<c:Port name="Coax_SW1_Com">
				<c:ConnectorPins>
					<c:ConnectorPin connectorID="J6" pinID="3B"></c:ConnectorPin>
				</c:ConnectorPins>
			</c:Port>
			<c:Port name="Coax_SW1_NC1">
				<c:ConnectorPins>
					<c:ConnectorPin connectorID="J6" pinID="4B"></c:ConnectorPin>
				</c:ConnectorPins>
			</c:Port>
			<c:Port name="Coax_SW1_NO2">
				<c:ConnectorPins>
					<c:ConnectorPin connectorID="J6" pinID="5A"></c:ConnectorPin>
				</c:ConnectorPins>
			</c:Port>
			<c:Port name="Coax_SW1_NO1">
				<c:ConnectorPins>
					<c:ConnectorPin connectorID="J6" pinID="5B"></c:ConnectorPin>
				</c:ConnectorPins>
			</c:Port>
			<c:Port name="AWG_ChannelA">
				<c:ConnectorPins>
					<c:ConnectorPin connectorID="J2" pinID="17A"></c:ConnectorPin>
				</c:ConnectorPins>
			</c:Port>
			<c:Port name="Coax_SW2_Com">
				<c:ConnectorPins>
					<c:ConnectorPin connectorID="J6" pinID="6A"></c:ConnectorPin>
				</c:ConnectorPins>
			</c:Port>
			<c:Port name="Coax_SW2_NC1">
				<c:ConnectorPins>
					<c:ConnectorPin connectorID="J6" pinID="7A"></c:ConnectorPin>
				</c:ConnectorPins>
			</c:Port>
			<c:Port name="Coax_SW2_NO1">
				<c:ConnectorPins>
					<c:ConnectorPin connectorID="J6" pinID="8A"></c:ConnectorPin>
				</c:ConnectorPins>
			</c:Port>
			<c:Port name="DCPS1_Out1">
				<c:ConnectorPins>
					<c:ConnectorPin connectorID="J1" pinID="3A"></c:ConnectorPin>
					<c:ConnectorPin connectorID="J1" pinID="3B"></c:ConnectorPin>
					<c:ConnectorPin connectorID="J3" pinID="10A"></c:ConnectorPin>
					<c:ConnectorPin connectorID="J3" pinID="10B"></c:ConnectorPin>
				</c:ConnectorPins>
			</c:Port>
			<c:Port name="Power_SW1_Com">
				<c:ConnectorPins>
					<c:ConnectorPin connectorID="J5" pinID="1A"></c:ConnectorPin>
				</c:ConnectorPins>
			</c:Port>
			<c:Port name="Power_SW1_NC1">
				<c:ConnectorPins>
					<c:ConnectorPin connectorID="J5" pinID="2A"></c:ConnectorPin>
				</c:ConnectorPins>
			</c:Port>
			<c:Port name="Power_SW1_NO1">
				<c:ConnectorPins>
					<c:ConnectorPin connectorID="J5" pinID="3A"></c:ConnectorPin>
				</c:ConnectorPins>
			</c:Port>
			<c:Port name="Power_SW2_Com">
				<c:ConnectorPins>
					<c:ConnectorPin connectorID="J5" pinID="3B"></c:ConnectorPin>
				</c:ConnectorPins>
			</c:Port>
			<c:Port name="Power_SW2_NO1">
				<c:ConnectorPins>
					<c:ConnectorPin connectorID="J5" pinID="5B"></c:ConnectorPin>
				</c:ConnectorPins>
			</c:Port>
			<c:Port name="GPI_ID_Interlock">
				<c:ConnectorPins>
					<c:ConnectorPin connectorID="J3" pinID="70A"></c:ConnectorPin>
				</c:ConnectorPins>
			</c:Port>
			<c:Port name="GPI_Interlock_RTN">
				<c:ConnectorPins>
					<c:ConnectorPin connectorID="J3" pinID="70B"></c:ConnectorPin>
				</c:ConnectorPins>
			</c:Port>
			<c:Port name="UUT_Interlock">
				<c:ConnectorPins>
					<c:ConnectorPin connectorID="J3" pinID="70C"></c:ConnectorPin>
				</c:ConnectorPins>
			</c:Port>
		</c:Ports>
		<c:Connectors>
			<c:Connector ID="J1" location="Front" type="GPI">
				<c:Identification>
					<c:ModelName>XJ5</c:ModelName>
				</c:Identification>
			</c:Connector>
			<c:Connector ID="J2" location="Front" type="GPI">
				<c:Identification>
					<c:ModelName>XJ2</c:ModelName>
				</c:Identification>
			</c:Connector>
			<c:Connector ID="J3" location="Front" type="GPI">
				<c:Identification>
					<c:ModelName>XJ1</c:ModelName>
				</c:Identification>
			</c:Connector>
			<c:Connector ID="J5" location="Front" type="GPI">
				<c:Identification>
					<c:ModelName>XJ4</c:ModelName>
				</c:Identification>
			</c:Connector>
			<c:Connector ID="J6" location="Front" type="GPI">
				<c:Identification>
					<c:ModelName>XJ44</c:ModelName>
				</c:Identification>
			</c:Connector>
			<c:Connector ID="J9" location="Front" type="GPI">
				<c:Identification>
					<c:ModelName>XJ22</c:ModelName>
				</c:Identification>
			</c:Connector>
		</c:Connectors>
	</hc:Interface>
	<hc:EnvironmentalRequirements>
		<c:Operation>
			<c:Altitude>
				<c:SingleLimit comparator="LT">
					<c:Datum xsi:type="c:double" value="4600" standardUnit="M"></c:Datum>
				</c:SingleLimit>
			</c:Altitude>
			<c:Humidity>
				<c:LimitPair operator="AND">
					<c:Limit comparator="LT">
						<c:Datum xsi:type="c:double" value="95" standardUnit="Percent"></c:Datum>
					</c:Limit>
					<c:Limit comparator="GT">
						<c:Datum xsi:type="c:double" value="5" standardUnit="Percent"></c:Datum>
					</c:Limit>
				</c:LimitPair>
			</c:Humidity>
			<c:Shock>
				<c:Expected comparator="EQ">
					<c:Datum xsi:type="c:double" value="30" standardUnit="G"></c:Datum>
				</c:Expected>
			</c:Shock>
			<c:Temperature>
				<c:LimitPair operator="AND">
					<c:Limit comparator="LT">
						<c:Datum xsi:type="c:double" value="50" standardUnit="Deg C"></c:Datum>
					</c:Limit>
					<c:Limit comparator="GT">
						<c:Datum xsi:type="c:double" value="0" standardUnit="Deg C"></c:Datum>
					</c:Limit>
				</c:LimitPair>
			</c:Temperature>
			<c:Vibration>
				<c:Frequency>
					<c:LimitPair operator="AND">
						<c:Limit comparator="LT">
							<c:Datum xsi:type="c:double" value="500" standardUnit="Hz"></c:Datum>
						</c:Limit>
						<c:Limit comparator="GT">
							<c:Datum xsi:type="c:double" value="5" standardUnit="Hz"></c:Datum>
						</c:Limit>
					</c:LimitPair>
				</c:Frequency>
			</c:Vibration>
		</c:Operation>
		<c:StorageTransport>
			<c:Altitude>
				<c:SingleLimit comparator="LT">
					<c:Datum xsi:type="c:double" value="4600" standardUnit="M"></c:Datum>
				</c:SingleLimit>
			</c:Altitude>
			<c:Temperature>
				<c:LimitPair operator="AND">
					<c:Limit comparator="LT">
						<c:Datum xsi:type="c:double" value="71" standardUnit="Deg C"></c:Datum>
					</c:Limit>
					<c:Limit comparator="GT">
						<c:Datum xsi:type="c:double" value="-40" standardUnit="Deg C"></c:Datum>
					</c:Limit>
				</c:LimitPair>
			</c:Temperature>
		</c:StorageTransport>
	</hc:EnvironmentalRequirements>
	<hc:PhysicalCharacteristics>
		<hc:Mass value="1200" standardUnit="lb"></hc:Mass>
		<hc:LinearMeasurements>
			<hc:Height value="60" standardUnit="inch"></hc:Height>
			<hc:Width value="120" standardUnit="inch"></hc:Width>
			<hc:Depth value="48" standardUnit="inch"></hc:Depth>
		</hc:LinearMeasurements>
	</hc:PhysicalCharacteristics>
	<hc:NetworkList>
		<hc:Network>
			<hc:Node>
				<hc:Path>/ts:TestStationDescription/hc:Interface/c:Ports/c:Port[@name="DMM_MEAS"]</hc:Path>
			</hc:Node>
			<hc:Node>
				<hc:Path>/ts:TestStationDescription/te:Resources/hc:Resource[@name="DMM1"]/hc:Interface/c:Ports/c:Port[@name="MEAS"]</hc:Path>
			</hc:Node>
		</hc:Network>
		<hc:Network>
			<hc:Node>
				<hc:Path>/ts:TestStationDescription/hc:Interface/c:Ports/c:Port[@name="DMM_4W"]</hc:Path>
			</hc:Node>
			<hc:Node>
				<hc:Path>/ts:TestStationDescription/te:Resources/hc:Resource[@name="DMM1"]/hc:Interface/c:Ports/c:Port[@name="4Wire"]</hc:Path>
			</hc:Node>
		</hc:Network>
		<hc:Network>
			<hc:Node>
				<hc:Path>/ts:TestStationDescription/hc:Interface/c:Ports/c:Port[@name="DCPS1_Channel1"]</hc:Path>
			</hc:Node>
			<hc:Node>
				<hc:Path>/ts:TestStationDescription/te:Resources/hc:Resource[@name="SCP1"]/hc:Interface/c:Ports/c:Port[@name="Channel1"]</hc:Path>
			</hc:Node>
		</hc:Network>
		<hc:Network>
			<hc:Node>
				<hc:Path>/ts:TestStationDescription/hc:Interface/c:Ports/c:Port[@name="SCP1_Channel1"]</hc:Path>
			</hc:Node>
			<hc:Node>
				<hc:Path>/ts:TestStationDescription/te:Resources/hc:Resource[@name="SCP1"]/hc:Interface/c:Ports/c:Port[@name="Channel1"]</hc:Path>
			</hc:Node>
		</hc:Network>
		<hc:Network>
			<hc:Node>
				<hc:Path>/ts:TestStationDescription/hc:Interface/c:Ports/c:Port[@name="AWG_ChannelA"]</hc:Path>
			</hc:Node>
			<hc:Node>
				<hc:Path>/ts:TestStationDescription/te:Resources/hc:Resource[@name="AWG1"]/hc:Interface/c:Ports/c:Port[@name="Output"]</hc:Path>
			</hc:Node>
		</hc:Network>
		<hc:Network>
			<hc:Node>
				<hc:Path>/ts:TestStationDescription/hc:Interface/c:Ports/c:Port[@name="DCPS1_Out1"]</hc:Path>
			</hc:Node>
			<hc:Node>
				<hc:Path>/ts:TestStationDescription/te:Resources/hc:Resource[@name="DCPS1"]/hc:Interface/c:Ports/c:Port[@name="Out1"]</hc:Path>
			</hc:Node>
		</hc:Network>
	</hc:NetworkList>
	<te:Resources>
		<hc:Resource name="DCPS1">
			<hc:Interface>
				<c:Ports>
					<c:Port name="Out1"></c:Port>
				</c:Ports>
			</hc:Interface>
		</hc:Resource>
		<hc:Resource name="DMM1">
			<hc:Interface>
				<c:Ports>
					<c:Port name="MEAS"></c:Port>
					<c:Port name="4Wire"></c:Port>
				</c:Ports>
			</hc:Interface>
		</hc:Resource>
		<hc:Resource name="AWG1">
			<hc:Interface>
				<c:Ports>
					<c:Port name="Output"></c:Port>
				</c:Ports>
			</hc:Interface>
		</hc:Resource>
		<hc:Resource name="SCP1">
			<hc:Interface>
				<c:Ports>
					<c:Port name="Channel1"></c:Port>
				</c:Ports>
			</hc:Interface>
		</hc:Resource>
		<hc:Resource name="SWITCH">
			<hc:Interface>
				<c:Ports>
					<c:Port name="Short"></c:Port>
				</c:Ports>
			</hc:Interface>
		</hc:Resource>
		<hc:Resource name="ZVB8">
			<hc:Interface>
				<c:Ports>
					<c:Port name="odcp1"></c:Port>
				</c:Ports>
			</hc:Interface>
		</hc:Resource>
	</te:Resources>
	<te:Switching>
		<hc:Switch name="GPISW2-1">
			<hc:Interface>
				<c:Ports>
					<c:Port name="J9-1A-COM"></c:Port>
					<c:Port name="J9-3A-NO1"></c:Port>
				</c:Ports>
			</hc:Interface>
			<hc:Connections>
				<hc:RelaySetting name="DMM_LO_GND">
					<hc:RelayConnection to="J9-1A-COM" from="J9-3A-NO1"></hc:RelayConnection>
				</hc:RelaySetting>
			</hc:Connections>
		</hc:Switch>
		<hc:Switch name="GPISW2-2">
			<hc:Interface>
				<c:Ports>
					<c:Port name="J9-1B-COM"></c:Port>
					<c:Port name="J9-2B-NC1"></c:Port>
					<c:Port name="J9-3B-NO1"></c:Port>
				</c:Ports>
			</hc:Interface>
			<hc:Connections>
				<hc:RelaySetting name="DMM_HI_2B">
					<hc:RelayConnection to="J9-1B-COM" from="J9-2B-NC1"></hc:RelayConnection>
				</hc:RelaySetting>
				<hc:RelaySetting name="DMM_HI_UUT_P1-7">
					<hc:RelayConnection to="J9-1B-COM" from="J9-3B-NO1"></hc:RelayConnection>
				</hc:RelaySetting>
			</hc:Connections>
		</hc:Switch>
		<hc:Switch name="GPISW2-3">
			<hc:Interface>
				<c:Ports>
					<c:Port name="J9-1C-COM"></c:Port>
					<c:Port name="J9-2C-NC1"></c:Port>
					<c:Port name="J9-3C-NO1"></c:Port>
					<c:Port name="J9-5C-NO2"></c:Port>
				</c:Ports>
			</hc:Interface>
			<hc:Connections>
				<hc:RelaySetting name="DMM_HI_J9_2C">
					<hc:RelayConnection to="J9-1C-COM" from="J9-2C-NC1"></hc:RelayConnection>
				</hc:RelaySetting>
				<hc:RelaySetting name="ON">
					<hc:RelayConnection to="J9-1C-COM" from="J9-3C-NO1"></hc:RelayConnection>
					<hc:RelayConnection to="J9-1C-COM" from="J9-3B-NO1"></hc:RelayConnection>
				</hc:RelaySetting>
			</hc:Connections>
		</hc:Switch>
		<hc:Switch name="GPISW2-4">
			<hc:Interface>
				<c:Ports>
					<c:Port name="J9-6A-COM"></c:Port>
					<c:Port name="J9-8A-NO1"></c:Port>
				</c:Ports>
			</hc:Interface>
			<hc:Connections>
				<hc:RelaySetting name="DMM_HI_J9_2C">
					<hc:RelayConnection to="J9-1C-COM" from="J9-2C-NC1"></hc:RelayConnection>
				</hc:RelaySetting>
				<hc:RelaySetting name="ON">
					<hc:RelayConnection to="J9-1C-COM" from="J9-3C-NO1"></hc:RelayConnection>
					<hc:RelayConnection to="J9-1C-COM" from="J9-3B-NO1"></hc:RelayConnection>
				</hc:RelaySetting>
			</hc:Connections>
		</hc:Switch>
		<hc:Switch name="GPISW3-1">
			<hc:Interface>
				<c:Ports>
					<c:Port name="J6-1A-COM"></c:Port>
					<c:Port name="J6-3A-NO1"></c:Port>
				</c:Ports>
			</hc:Interface>
			<hc:Connections>
				<hc:RelaySetting name="DMM_HI_J9_2C">
					<hc:RelayConnection to="J9-1C-COM" from="J9-2C-NC1"></hc:RelayConnection>
				</hc:RelaySetting>
				<hc:RelaySetting name="ON">
					<hc:RelayConnection to="J9-1C-COM" from="J9-3C-NO1"></hc:RelayConnection>
					<hc:RelayConnection to="J9-1C-COM" from="J9-3B-NO1"></hc:RelayConnection>
				</hc:RelaySetting>
			</hc:Connections>
		</hc:Switch>
		<hc:Switch name="GPISW3-2">
			<hc:Interface>
				<c:Ports>
					<c:Port name="J6-3B-COM"></c:Port>
					<c:Port name="J6-4B-NC1"></c:Port>
					<c:Port name="J6-5A-NO2"></c:Port>
					<c:Port name="J6-5B-NO1"></c:Port>
				</c:Ports>
			</hc:Interface>
			<hc:Connections>
				<hc:RelaySetting name="DMM_HI_J9_2C">
					<hc:RelayConnection to="J9-1C-COM" from="J9-2C-NC1"></hc:RelayConnection>
				</hc:RelaySetting>
				<hc:RelaySetting name="ON">
					<hc:RelayConnection to="J9-1C-COM" from="J9-3C-NO1"></hc:RelayConnection>
					<hc:RelayConnection to="J9-1C-COM" from="J9-3B-NO1"></hc:RelayConnection>
				</hc:RelaySetting>
			</hc:Connections>
		</hc:Switch>
		<hc:Switch name="GPISW3-3">
			<hc:Interface>
				<c:Ports>
					<c:Port name="J6-6A-COM"></c:Port>
					<c:Port name="J6-7A-NC1"></c:Port>
					<c:Port name="J6-5A-NO2"></c:Port>
					<c:Port name="J6-8A-NO1"></c:Port>
				</c:Ports>
			</hc:Interface>
			<hc:Connections>
				<hc:RelaySetting name="DMM_HI_J9_2C">
					<hc:RelayConnection to="J9-1C-COM" from="J9-2C-NC1"></hc:RelayConnection>
				</hc:RelaySetting>
				<hc:RelaySetting name="ON">
					<hc:RelayConnection to="J9-1C-COM" from="J9-3C-NO1"></hc:RelayConnection>
					<hc:RelayConnection to="J9-1C-COM" from="J9-3B-NO1"></hc:RelayConnection>
				</hc:RelaySetting>
			</hc:Connections>
		</hc:Switch>
		<hc:Switch name="GPISW3-4">
			<hc:Interface>
				<c:Ports>
					<c:Port name="J6-8B-COM"></c:Port>
					<c:Port name="J6-10B-NO1"></c:Port>
				</c:Ports>
			</hc:Interface>
			<hc:Connections>
				<hc:RelaySetting name="DMM_HI_J9_2C">
					<hc:RelayConnection to="J9-1C-COM" from="J9-2C-NC1"></hc:RelayConnection>
				</hc:RelaySetting>
				<hc:RelaySetting name="ON">
					<hc:RelayConnection to="J9-1C-COM" from="J9-3C-NO1"></hc:RelayConnection>
					<hc:RelayConnection to="J9-1C-COM" from="J9-3B-NO1"></hc:RelayConnection>
				</hc:RelaySetting>
			</hc:Connections>
		</hc:Switch>
		<hc:Switch name="GPISW1-1">
			<hc:Interface>
				<c:Ports>
					<c:Port name="J5-1A-COM"></c:Port>
					<c:Port name="J5-2A-NC1"></c:Port>
					<c:Port name="J5-3A-NO1"></c:Port>
				</c:Ports>
			</hc:Interface>
			<hc:Connections>
				<hc:RelaySetting name="DMM_HI_J9_2C">
					<hc:RelayConnection to="J9-1C-COM" from="J9-2C-NC1"></hc:RelayConnection>
				</hc:RelaySetting>
				<hc:RelaySetting name="ON">
					<hc:RelayConnection to="J9-1C-COM" from="J9-3C-NO1"></hc:RelayConnection>
					<hc:RelayConnection to="J9-1C-COM" from="J9-3B-NO1"></hc:RelayConnection>
				</hc:RelaySetting>
			</hc:Connections>
		</hc:Switch>
		<hc:Switch name="GPISW1-1">
			<hc:Interface>
				<c:Ports>
					<c:Port name="J5-3B-COM"></c:Port>
					<c:Port name="J5-5B-NO1"></c:Port>
				</c:Ports>
			</hc:Interface>
			<hc:Connections>
				<hc:RelaySetting name="DMM_HI_J9_2C">
					<hc:RelayConnection to="J9-1C-COM" from="J9-2C-NC1"></hc:RelayConnection>
				</hc:RelaySetting>
				<hc:RelaySetting name="ON">
					<hc:RelayConnection to="J9-1C-COM" from="J9-3C-NO1"></hc:RelayConnection>
					<hc:RelayConnection to="J9-1C-COM" from="J9-3B-NO1"></hc:RelayConnection>
				</hc:RelaySetting>
			</hc:Connections>
		</hc:Switch>
	</te:Switching>
	<te:Capabilities>
		<hc:Capability name="ACSignal">
			<hc:Interface>
				<c:Ports>
					<c:Port name="AC" direction="Output" type="Analog"></c:Port>
				</c:Ports>
			</hc:Interface>
			<hc:SignalDescription>
				<std:Signal xmlns:std="urn:IEEE-1641:2010:STDBSC" xmlns:tsf716="urn:IEEE-1641:2010:STDTSFLib" xmlns:rt="ATMLDemoRTCASSLib" name="ACSignal" Out="ACSignal4">
					<!-- 'amplitude' means to be trms -->
					<!--rt:ACSignal name="ACSignal4" amplitude="range 0mV to 15V" frequency="range 100Hz to 10MHz"></rt:ACSignal-->
					<tsf716:AC_SIGNAL name="ACSignal4" ac_ampl="range 0mV to 15V" freq="range 100Hz to 10MHz"></tsf716:AC_SIGNAL>
				</std:Signal>
			</hc:SignalDescription>
		</hc:Capability>
		<hc:Capability name="MeasureResistance">
			<hc:Interface>
				<c:Ports>
					<c:Port name="Res4Wire" direction="Input"></c:Port>
				</c:Ports>
			</hc:Interface>
			<hc:SignalDescription>
				<std:Signal xmlns:std="urn:IEEE-1641:2010:STDBSC" xmlns:tsf716="urn:IEEE-1641:2010:STDTSFLib" xmlns:rt="ATMLDemoRTCASSLib" name="MeasureResistance" Out="Resistance3">
					<!-- Valid value needed for 'nominal' -->
					<!--rt:MeasureResistance name="Resistance3" ></rt:MeasureResistance-->
					<std:Instantaneous type="Resistance" name="Resistance3"></std:Instantaneous>
				</std:Signal>
			</hc:SignalDescription>
		</hc:Capability>
		<hc:Capability name="DCVoltage">
			<hc:Interface>
				<c:Ports>
					<c:Port name="MeasDC"></c:Port>
				</c:Ports>
			</hc:Interface>
			<hc:SignalDescription>
				<std:Signal xmlns:std="urn:IEEE-1641:2010:STDBSC" xmlns:tsf716="urn:IEEE-1641:2010:STDTSFLib" xmlns:rt="ATMLDemoRTCASSLib" name="DCVoltage" Out="Measure11">
					<!--rt:DCVoltage name="DCVoltage3"></rt:DCVoltage-->
					<tsf716:DC_SIGNAL name="DCVoltage3" ac_ampl="0 V"></tsf716:DC_SIGNAL>
					<std:Measure name="Measure11" As="DCVoltage3" attribute="dc_ampl"></std:Measure>
				</std:Signal>
			</hc:SignalDescription>
		</hc:Capability>
		<hc:Capability name="ACMeasure">
			<hc:Interface>
				<c:Ports>
					<c:Port name="MeasAC"></c:Port>
				</c:Ports>
			</hc:Interface>
			<hc:SignalDescription>
				<std:Signal xmlns:std="urn:IEEE-1641:2010:STDBSC" xmlns:tsf716="urn:IEEE-1641:2010:STDTSFLib" xmlns:rt="ATMLDemoRTCASSLib" name="ACMeasure" Out="Measure9">
					<!-- Valid value needed for 'ac_ampl_range' -->
					<!-- Valid value needed for 'freq' -->
					<!--rt:ACMeasure name="ACMeasure4" ></rt:ACMeasure-->
					<tsf716:AC_SIGNAL name="ACMeasure4"></tsf716:AC_SIGNAL>
					<std:Measure name="Measure9" As="ACMeasure4" attribute="ac_ampl"></std:Measure>
				</std:Signal>
			</hc:SignalDescription>
		</hc:Capability>
		<hc:Capability name="ACMeasurePkPk">
			<hc:Interface>
				<c:Ports>
					<c:Port name="MeasACPkPk"></c:Port>
				</c:Ports>
			</hc:Interface>
			<hc:SignalDescription>
				<std:Signal xmlns:std="urn:IEEE-1641:2010:STDBSC" xmlns:tsf716="urn:IEEE-1641:2010:STDTSFLib" xmlns:rt="ATMLDemoRTCASSLib" name="ACMeasurePkPk" Out="Measure10">
					<!-- Valid value needed for 'ac_ampl' -->
					<!-- Valid value needed for 'freq' -->
					<!--rt:ACMeasurePkPk name="ACMeasurePkPk4" ></rt:ACMeasurePkPk-->
					<tsf716:AC_SIGNAL name="ACMeasurePkPk4"></tsf716:AC_SIGNAL>
					<std:Measure name="Measure10" As="ACMeasurePkPk4" attribute="ac_ampl" nominal="pk_pk"></std:Measure>
				</std:Signal>
			</hc:SignalDescription>
		</hc:Capability>
		<hc:Capability name="Short">
			<hc:Interface>
				<c:Ports>
					<c:Port name="short"></c:Port>
				</c:Ports>
			</hc:Interface>
			<hc:SignalDescription>
				<std:Signal xmlns:std="urn:IEEE-1641:2010:STDBSC" xmlns:tsf716="urn:IEEE-1641:2010:STDTSFLib" xmlns:rt="ATMLDemoRTCASSLib" name="Short" Out="Short3">
					<!-- Valid value needed for 'amplitude' -->
					<!--rt:Short name="Short3" ></rt:Short-->
					<std:Constant type="Resistance" name="Short3"></std:Constant>
				</std:Signal>
			</hc:SignalDescription>
		</hc:Capability>
		<hc:Capability name="DC">
			<hc:Interface>
				<c:Ports>
					<c:Port name="DC"></c:Port>
				</c:Ports>
			</hc:Interface>
			<hc:SignalDescription>
				<std:Signal xmlns:std="urn:IEEE-1641:2010:STDBSC" xmlns:tsf716="urn:IEEE-1641:2010:STDTSFLib" xmlns:rt="ATMLDemoRTCASSLib" name="DC" Out="DC3">
					<!-- Valid value needed for 'dc_ampl' -->
					<!--rt:DC name="DC3" ></rt:DC-->
					<tsf716:DC_SIGNAL name="DC3" ac_ampl="0 V"></tsf716:DC_SIGNAL>
				</std:Signal>
			</hc:SignalDescription>
		</hc:Capability>
		<hc:Capability name="MeasureOnedBCompressionPoint">
			<hc:Interface>
				<c:Ports>
					<c:Port name="odcp1"></c:Port>
				</c:Ports>
			</hc:Interface>
			<hc:SignalDescription>
				<std:Signal Out="odcp1" xmlns:std="urn:IEEE-1641:2010:STDBSC" xmlns:ocp="OnedBCompressionTest">
					<ocp:ONE_DB_COMPRESSION_POINT name="odcp1" input_pwr="range -146 dBm to 20 dBm" input_freq="range 100 kHz to 6 GHz" measurement="{accuracy required}"></ocp:ONE_DB_COMPRESSION_POINT>
				</std:Signal>
			</hc:SignalDescription>
		</hc:Capability>
		<hc:CapabilityMap>
			<hc:Mapping>
				<hc:Map>
					<hc:Node>
						<hc:Path>
/ts:TestStationDescription/te:Capabilities/hc:Capability[@name="DC"]/hc:Interface/c:Ports/c:Port[@name="DC"]
				</hc:Path>
					</hc:Node>
					<hc:Node>
						<hc:Path>
/ts:TestStationDescription/te:Resources/hc:Resource[@name="DCPS1"]/hc:Interface/c:Ports/c:Port[@name="Out1"]
				</hc:Path>
					</hc:Node>
				</hc:Map>
			</hc:Mapping>
			<hc:Mapping>
				<hc:Map>
					<hc:Node>
						<hc:Path>
/ts:TestStationDescription/te:Capabilities/hc:Capability[@name="ACMeasure"]/hc:Interface/c:Ports/c:Port[@name="MeasAC"]
				</hc:Path>
					</hc:Node>
					<hc:Node>
						<hc:Path>
/ts:TestStationDescription/te:Resources/hc:Resource[@name="DMM1"]/hc:Interface/c:Ports/c:Port[@name="MEAS"]
				</hc:Path>
					</hc:Node>
				</hc:Map>
			</hc:Mapping>
			<hc:Mapping>
				<hc:Map>
					<hc:Node>
						<hc:Path>
/ts:TestStationDescription/te:Capabilities/hc:Capability[@name="ACMeasurePkPk"]/hc:Interface/c:Ports/c:Port[@name="MeasACPkPk"]
				</hc:Path>
					</hc:Node>
					<hc:Node>
						<hc:Path>
/ts:TestStationDescription/te:Resources/hc:Resource[@name="DMM1"]/hc:Interface/c:Ports/c:Port[@name="MEAS"]
				</hc:Path>
					</hc:Node>
				</hc:Map>
			</hc:Mapping>
			<hc:Mapping>
				<hc:Map>
					<hc:Node>
						<hc:Path>
/ts:TestStationDescription/te:Capabilities/hc:Capability[@name="DCVoltage"]/hc:Interface/c:Ports/c:Port[@name="MeasDC"]
				</hc:Path>
					</hc:Node>
					<hc:Node>
						<hc:Path>
/ts:TestStationDescription/te:Resources/hc:Resource[@name="DMM1"]/hc:Interface/c:Ports/c:Port[@name="MEAS"]
				</hc:Path>
					</hc:Node>
				</hc:Map>
			</hc:Mapping>
			<hc:Mapping>
				<hc:Map>
					<hc:Node>
						<hc:Path>
/ts:TestStationDescription/te:Capabilities/hc:Capability[@name="MeasureResistance"]/hc:Interface/c:Ports/c:Port[@name="Res4Wire"]
				</hc:Path>
					</hc:Node>
					<hc:Node>
						<hc:Path>
/ts:TestStationDescription/te:Resources/hc:Resource[@name="DMM1"]/hc:Interface/c:Ports/c:Port[@name="4Wire"]
				</hc:Path>
					</hc:Node>
				</hc:Map>
			</hc:Mapping>
			<hc:Mapping>
				<hc:Map>
					<hc:Node>
						<hc:Path>
/ts:TestStationDescription/te:Capabilities/hc:Capability[@name="ACSignal"]/hc:Interface/c:Ports/c:Port[@name="AC"]
				</hc:Path>
					</hc:Node>
					<hc:Node>
						<hc:Path>
/ts:TestStationDescription/te:Resources/hc:Resource[@name="AWG1"]/hc:Interface/c:Ports/c:Port[@name="Output"]
				</hc:Path>
					</hc:Node>
				</hc:Map>
			</hc:Mapping>
			<hc:Mapping>
				<hc:Map>
					<hc:Node>
						<hc:Path>
/ts:TestStationDescription/te:Capabilities/hc:Capability[@name="ACMeasure"]/hc:Interface/c:Ports/c:Port[@name="MeasAC"]
				</hc:Path>
					</hc:Node>
					<hc:Node>
						<hc:Path>
/ts:TestStationDescription/te:Resources/hc:Resource[@name="SCP1"]/hc:Interface/c:Ports/c:Port[@name="Channel1"]
				</hc:Path>
					</hc:Node>
				</hc:Map>
			</hc:Mapping>
			<hc:Mapping>
				<hc:Map>
					<hc:Node>
						<hc:Path>
/ts:TestStationDescription/te:Capabilities/hc:Capability[@name="ACMeasurePkPk"]/hc:Interface/c:Ports/c:Port[@name="MeasACPkPk"]
				</hc:Path>
					</hc:Node>
					<hc:Node>
						<hc:Path>
/ts:TestStationDescription/te:Resources/hc:Resource[@name="SCP1"]/hc:Interface/c:Ports/c:Port[@name="Channel1"]
				</hc:Path>
					</hc:Node>
				</hc:Map>
			</hc:Mapping>
			<hc:Mapping>
				<hc:Map>
					<hc:Node>
						<hc:Path>
/ts:TestStationDescription/te:Capabilities/hc:Capability[@name="DCVoltage"]/hc:Interface/c:Ports/c:Port[@name="MeasDC"]
				</hc:Path>
					</hc:Node>
					<hc:Node>
						<hc:Path>
/ts:TestStationDescription/te:Resources/hc:Resource[@name="SCP1"]/hc:Interface/c:Ports/c:Port[@name="Channel1"]
				</hc:Path>
					</hc:Node>
				</hc:Map>
			</hc:Mapping>
			<hc:Mapping>
				<hc:Map>
					<hc:Node>
						<hc:Path>
/ts:TestStationDescription/te:Capabilities/hc:Capability[@name="Short"]/hc:Interface/c:Ports/c:Port[@name="short"]
				</hc:Path>
					</hc:Node>
					<hc:Node>
						<hc:Path>
/ts:TestStationDescription/te:Resources/hc:Resource[@name="SWITCH"]/hc:Interface/c:Ports/c:Port[@name="Short"]
				</hc:Path>
					</hc:Node>
				</hc:Map>
			</hc:Mapping>
			<hc:Mapping>
				<hc:Map>
					<hc:Node>
						<hc:Path>
/ts:TestStationDescription/te:Capabilities/hc:Capability[@name="MeasureOnedBCompressionPoint"]/hc:Interface/c:Ports/c:Port[@name="odcp1"]
				</hc:Path>
					</hc:Node>
					<hc:Node>
						<hc:Path>
/ts:TestStationDescription/te:Resources/hc:Resource[@name="ZVB8"]/hc:Interface/c:Ports/c:Port[@name="odcp1"]
				</hc:Path>
					</hc:Node>
				</hc:Map>
			</hc:Mapping>
		</hc:CapabilityMap>
	</te:Capabilities>
	<ts:Instruments>
		<ts:Instrument ID="DCPS1">
			<ts:PhysicalLocation>Crate8Slot1</ts:PhysicalLocation>
			<ts:Address>GPIB::26::INSTR</ts:Address>
		</ts:Instrument>
		<ts:Instrument ID="DMM1">
			<ts:PhysicalLocation>Crate160Slot4</ts:PhysicalLocation>
			<ts:Address>VXI0::19::INSTR</ts:Address>
		</ts:Instrument>
		<ts:Instrument ID="AWG1">
			<ts:PhysicalLocation>Crate160Slot7</ts:PhysicalLocation>
			<ts:Address>VXI0::21::INSTR</ts:Address>
		</ts:Instrument>
		<ts:Instrument ID="SCP1">
			<ts:PhysicalLocation>Crate160Slot2</ts:PhysicalLocation>
			<ts:Address>VXI0::18::INSTR</ts:Address>
		</ts:Instrument>
		<ts:Instrument ID="ZVB8">
			<c:Definition>
				<c:Description>Vector Network Analyser</c:Description>
				<c:Identification>
					<c:ModelName>ZVB 8</c:ModelName>
				</c:Identification>
			</c:Definition>
		</ts:Instrument>
	</ts:Instruments>
</ts:TestStationDescription>
